"N.";"Logo";"Empresa";"Ações";"Classificação";"Listagem";"Tag Along";"Setor";"Subsetor";"Segmento";"acoes_sa"
1;NA;"ALLIAR";"AALR3";"Small Cap";"Novo Mercado";"100% para ações ON";"Saúde";"Serv.Méd.Hospit..Análises e Diagnósticos";"Serv.Méd.Hospit..Análises e Diagnósticos";"AALR3.SA"
2;NA;"ABC BRASIL";"ABCB4";"Small Cap";"Nível 2 de Governança Corporativa";"100% para ações ON e PN";"Financeiro";"Intermediários Financeiros";"Bancos";"ABCB4.SA"
3;NA;"AMBEV S/A";"ABEV3";"Mega Cap";"Balcão Org. Tradicional";"80% para ações ON";"Consumo não Cíclico";"Bebidas";"Cervejas e Refrigerantes";"ABEV3.SA"
4;NA;"AERIS";"AERI3";"Mid Cap";"Novo Mercado";"100% para ações ON";"Bens Industriais";"Máquinas e Equipamentos";"Máq. e Equip. Industriais";"AERI3.SA"
5;NA;"AES BRASIL";"AESB3";"Mid Cap";"Novo Mercado";"100% para ações ON";"Utilidade Pública";"Energia Elétrica";"Energia Elétrica";"AESB3.SA"
6;NA;"AFLUENTE T";"AFLT3";"Micro Cap";"Balcão Org. Tradicional";"80% para ações ON";"Utilidade Pública";"Energia Elétrica";"Energia Elétrica";"AFLT3.SA"
7;NA;"BRASILAGRO";"AGRO3";"Small Cap";"Novo Mercado";"100% para ações ON";"Consumo não Cíclico";"Agropecuária";"Agricultura";"AGRO3.SA"
8;NA;"AGROGALAXY";"AGXY3";"Small Cap";"Novo Mercado";"100% para ações ON";"Consumo não Cíclico";"Agropecuária";"Agricultura";"AGXY3.SA"
9;NA;"SPTURIS";"AHEB3";"Micro Cap";"Balcão Org. Tradicional";"80% para ações ON";"Consumo Cíclico";"Viagens e Lazer";"Produção de Eventos e Shows";"AHEB3.SA"
9;NA;"SPTURIS";"AHEB5";"Micro Cap";"Balcão Org. Tradicional";"80% para ações ON";"Consumo Cíclico";"Viagens e Lazer";"Produção de Eventos e Shows";"AHEB5.SA"
9;NA;"SPTURIS";"AHEB6";"Micro Cap";"Balcão Org. Tradicional";"80% para ações ON";"Consumo Cíclico";"Viagens e Lazer";"Produção de Eventos e Shows";"AHEB6.SA"
10;NA;"ALLIED";"ALLD3";"Small Cap";"Novo Mercado";"100% para ações ON";"Consumo Cíclico";"Comércio";"Eletrodomésticos";"ALLD3.SA"
11;NA;"ALPARGATAS";"ALPA3";"Mid Cap";"Nível 1 de Governança Corporativa";"80% para ações ON";"Consumo Cíclico";"Tecidos. Vestuário e Calçados";"Calçados";"ALPA3.SA"
11;NA;"ALPARGATAS";"ALPA4";"Mid Cap";"Nível 1 de Governança Corporativa";"80% para ações ON";"Consumo Cíclico";"Tecidos. Vestuário e Calçados";"Calçados";"ALPA4.SA"
12;NA;"ESTAPAR";"ALPK3";"Small Cap";"Novo Mercado";"100% para ações ON";"Bens Industriais";"Serviços";"Serviços Diversos";"ALPK3.SA"
13;NA;"ALIANSCE";"ALSC3";"Mid Cap";"Novo Mercado";"100% para ações ON";"Financeiro e Outros";"Exploração de Imóveis";"Exploração de Imóveis";"ALSC3.SA"
14;NA;"ALIANSCSONAE";"ALSO3";"Mid Cap";"Novo Mercado";"100% para ações ON";"Financeiro";"Exploração de Imóveis";"Exploração de Imóveis";"ALSO3.SA"
15;NA;"ALUPAR";"ALUP11";"Mid Cap";"Nível 2 de Governança Corporativa";"100% para ações ON e PN";"Utilidade Pública";"Energia Elétrica";"Energia Elétrica";"ALUP11.SA"
15;NA;"ALUPAR";"ALUP3";"Mid Cap";"Nível 2 de Governança Corporativa";"100% para ações ON e PN";"Utilidade Pública";"Energia Elétrica";"Energia Elétrica";"ALUP3.SA"
15;NA;"ALUPAR";"ALUP4";"Mid Cap";"Nível 2 de Governança Corporativa";"100% para ações ON e PN";"Utilidade Pública";"Energia Elétrica";"Energia Elétrica";"ALUP4.SA"
16;NA;"LOJAS MARISA";"AMAR3";"Small Cap";"Novo Mercado";"100% para ações ON";"Consumo Cíclico";"Comércio";"Tecidos. Vestuário e Calçados";"AMAR3.SA"
17;NA;"AMBIPAR";"AMBP3";"Small Cap";"Novo Mercado";"100% para ações ON";"Utilidade Pública";"Água e Saneamento";"Água e Saneamento";"AMBP3.SA"
18;NA;"AMERICANAS";"AMER3";"Big Cap";"Novo Mercado";"100% para ações ON";"Consumo Cíclico";"Comércio";"Produtos Diversos";"AMER3.SA"
19;NA;"ANIMA";"ANIM3";"Small Cap";"Novo Mercado";"100% para ações ON";"Consumo Cíclico";"Diversos";"Serviços Educacionais";"ANIM3.SA"
20;NA;"ALPER S.A.";"APER3";"Micro Cap";"Novo Mercado";"100% para ações ON";"Financeiro";"Previdência e Seguros";"Corretoras de Seguros";"APER3.SA"
21;NA;"ALIPERTI";"APTI3";"Nano Cap";"Balcão Org. Tradicional";"80% para ações ON";"Consumo não Cíclico";"Agropecuária";"Agricultura";"APTI3.SA"
21;NA;"ALIPERTI";"APTI4";"Nano Cap";"Balcão Org. Tradicional";"80% para ações ON";"Consumo não Cíclico";"Agropecuária";"Agricultura";"APTI4.SA"
22;NA;"ARMAC";"ARML3";"Mid Cap";"Novo Mercado";"100% para ações ON";"Consumo Cíclico";"Diversos";"Aluguel de Carros";"ARML3.SA"
23;NA;"AREZZO CO";"ARZZ3";"Mid Cap";"Novo Mercado";"100% para ações ON";"Consumo Cíclico";"Comércio";"Tecidos. Vestuário e Calçados";"ARZZ3.SA"
24;NA;"ASSAI";"ASAI3";"Mid Cap";"Novo Mercado";"100% para ações ON";"Consumo não Cíclico";"Comércio e Distribuição";"Alimentos";"ASAI3.SA"
25;NA;"ATOMPAR";"ATOM3";"Nano Cap";"Balcão Org. Tradicional";"80% para ações ON";"Outros";"Outros";"Outros";"ATOM3.SA"
26;NA;"AURA 360";"AURA33";"-";"BDR Nível 3";"None";"Materiais Básicos";"Mineração";"Minerais Metálicos";"AURA33.SA"
27;NA;"ALPHAVILLE";"AVLL3";"Micro Cap";"Novo Mercado";"100% para ações ON";"Consumo Cíclico";"Construção Civil";"Incorporações";"AVLL3.SA"
28;NA;"AZEVEDO";"AZEV3";"Micro Cap";"Balcão Org. Tradicional";"80% para ações ON";"Bens Industriais";"Construção e Engenharia";"Construção Pesada";"AZEV3.SA"
28;NA;"AZEVEDO";"AZEV4";"Micro Cap";"Balcão Org. Tradicional";"80% para ações ON";"Bens Industriais";"Construção e Engenharia";"Construção Pesada";"AZEV4.SA"
29;NA;"AZUL";"AZUL4";"Mid Cap";"Nível 2 de Governança Corporativa";"100% para ações ON e PN";"Bens Industriais";"Transporte";"Transporte Aéreo";"AZUL4.SA"
30;NA;"B3";"B3SA3";"Big Cap";"Novo Mercado";"100% para ações ON";"Financeiro";"Serviços Financeiros Diversos";"Serviços Financeiros Diversos";"B3SA3.SA"
31;NA;"BAHEMA";"BAHI3";"Micro Cap";"Bovespa Mais";"100% para ações ON";"Consumo Cíclico";"Diversos";"Serviços Educacionais";"BAHI3.SA"
32;NA;"BAUMER";"BALM3";"Nano Cap";"Balcão Org. Tradicional";"80% para ações ON";"Saúde";"Equipamentos";"Equipamentos";"BALM3.SA"
32;NA;"BAUMER";"BALM4";"Nano Cap";"Balcão Org. Tradicional";"80% para ações ON";"Saúde";"Equipamentos";"Equipamentos";"BALM4.SA"
33;NA;"EXCELSIOR";"BAUH3";"Nano Cap";"Balcão Org. Tradicional";"80% para ações ON";"Consumo não Cíclico";"Alimentos Processados";"Carnes e Derivados";"BAUH3.SA"
33;NA;"EXCELSIOR";"BAUH4";"Nano Cap";"Balcão Org. Tradicional";"80% para ações ON";"Consumo não Cíclico";"Alimentos Processados";"Carnes e Derivados";"BAUH4.SA"
34;NA;"AMAZONIA";"BAZA3";"Small Cap";"Balcão Org. Tradicional";"80% para ações ON";"Financeiro";"Intermediários Financeiros";"Bancos";"BAZA3.SA"
35;NA;"BRASIL";"BBAS3";"Big Cap";"Novo Mercado";"100% para ações ON";"Financeiro";"Intermediários Financeiros";"Bancos";"BBAS3.SA"
36;NA;"BRADESCO";"BBDC3";"Mega Cap";"Nível 1 de Governança Corporativa";"80% para ações ON";"Financeiro";"Intermediários Financeiros";"Bancos";"BBDC3.SA"
36;NA;"BRADESCO";"BBDC4";"Mega Cap";"Nível 1 de Governança Corporativa";"80% para ações ON";"Financeiro";"Intermediários Financeiros";"Bancos";"BBDC4.SA"
37;NA;"BBMLOGISTICA";"BBML3";"-";"Bovespa Mais";"100% para ações ON";"Bens Industriais";"Serviços";"Serviços Diversos";"BBML3.SA"
38;NA;"BR BROKERS";"BBRK3";"Nano Cap";"Novo Mercado";"100% para ações ON";"Financeiro";"Exploração de Imóveis";"Intermediação Imobiliária";"BBRK3.SA"
39;NA;"BBSEGURIDADE";"BBSE3";"Big Cap";"Novo Mercado";"100% para ações ON";"Financeiro";"Previdência e Seguros";"Seguradoras";"BBSE3.SA"
40;NA;"BARDELLA";"BDLL3";"Nano Cap";"Balcão Org. Tradicional";"80% para ações ON";"Bens Industriais";"Máquinas e Equipamentos";"Máq. e Equip. Industriais";"BDLL3.SA"
40;NA;"BARDELLA";"BDLL4";"Nano Cap";"Balcão Org. Tradicional";"80% para ações ON";"Bens Industriais";"Máquinas e Equipamentos";"Máq. e Equip. Industriais";"BDLL4.SA"
41;NA;"MINERVA";"BEEF3";"Mid Cap";"Novo Mercado";"100% para ações ON";"Consumo não Cíclico";"Alimentos Processados";"Carnes e Derivados";"BEEF3.SA"
42;NA;"BANESTES";"BEES3";"Small Cap";"Balcão Org. Tradicional";"80% para ações ON";"Financeiro";"Intermediários Financeiros";"Bancos";"BEES3.SA"
42;NA;"BANESTES";"BEES4";"Small Cap";"Balcão Org. Tradicional";"80% para ações ON";"Financeiro";"Intermediários Financeiros";"Bancos";"BEES4.SA"
43;NA;"BANESE";"BGIP3";"Micro Cap";"Balcão Org. Tradicional";"80% para ações ON";"Financeiro";"Intermediários Financeiros";"Bancos";"BGIP3.SA"
43;NA;"BANESE";"BGIP4";"Micro Cap";"Balcão Org. Tradicional";"80% para ações ON";"Financeiro";"Intermediários Financeiros";"Bancos";"BGIP4.SA"
44;NA;"BANCO INTER";"BIDI11";"Big Cap";"Nível 2 de Governança Corporativa";"100% para ações ON e PN";"Financeiro";"Intermediários Financeiros";"Bancos";"BIDI11.SA"
44;NA;"BANCO INTER";"BIDI3";"Big Cap";"Nível 2 de Governança Corporativa";"100% para ações ON e PN";"Financeiro";"Intermediários Financeiros";"Bancos";"BIDI3.SA"
44;NA;"BANCO INTER";"BIDI4";"Big Cap";"Nível 2 de Governança Corporativa";"100% para ações ON e PN";"Financeiro";"Intermediários Financeiros";"Bancos";"BIDI4.SA"
45;NA;"BIOMM";"BIOM3";"Micro Cap";"Bovespa Mais";"100% para ações ON";"Saúde";"Medicamentos e Outros Produtos";"Medicamentos e Outros Produtos";"BIOM3.SA"
46;NA;"BK BRASIL";"BKBR3";"Small Cap";"Novo Mercado";"100% para ações ON";"Consumo Cíclico";"Hoteis e Restaurantes";"Restaurante e Similares";"BKBR3.SA"
47;NA;"BLAU";"BLAU3";"Mid Cap";"Novo Mercado";"100% para ações ON";"Saúde";"Comércio e Distribuição";"Medicamentos e Outros Produtos";"BLAU3.SA"
48;NA;"MERC BRASIL";"BMEB3";"Small Cap";"Nível 1 de Governança Corporativa";"80% para ações ON";"Financeiro";"Intermediários Financeiros";"Bancos";"BMEB3.SA"
48;NA;"MERC BRASIL";"BMEB4";"Small Cap";"Nível 1 de Governança Corporativa";"80% para ações ON";"Financeiro";"Intermediários Financeiros";"Bancos";"BMEB4.SA"
49;NA;"BANCO BMG";"BMGB4";"Micro Cap";"Nível 1 de Governança Corporativa";"80% para ações ON";"Financeiro";"Intermediários Financeiros";"Bancos";"BMGB4.SA"
50;NA;"MERC INVEST";"BMIN3";"Nano Cap";"Balcão Org. Tradicional";"80% para ações ON";"Financeiro";"Intermediários Financeiros";"Bancos";"BMIN3.SA"
50;NA;"MERC INVEST";"BMIN4";"Nano Cap";"Balcão Org. Tradicional";"80% para ações ON";"Financeiro";"Intermediários Financeiros";"Bancos";"BMIN4.SA"
51;NA;"BIC MONARK";"BMKS3";"Nano Cap";"Balcão Org. Tradicional";"80% para ações ON";"Consumo Cíclico";"Viagens e Lazer";"Bicicletas";"BMKS3.SA"
52;NA;"BEMOBI TECH";"BMOB3";"Small Cap";"Novo Mercado";"100% para ações ON";"Tecnologia da Informação";"Programas e Serviços";"Programas e Serviços";"BMOB3.SA"
53;NA;"NORD BRASIL";"BNBR3";"Mid Cap";"Balcão Org. Tradicional";"80% para ações ON";"Financeiro";"Intermediários Financeiros";"Bancos";"BNBR3.SA"
54;NA;"BOA VISTA";"BOAS3";"Small Cap";"Novo Mercado";"100% para ações ON";"Financeiro";"Serviços Financeiros Diversos";"Serviços Financeiros Diversos";"BOAS3.SA"
55;NA;"BOMBRIL";"BOBR3";"Micro Cap";"Balcão Org. Tradicional";"80% para ações ON";"Consumo não Cíclico";"Produtos de Uso Pessoal e de Limpeza";"Produtos de Limpeza";"BOBR3.SA"
55;NA;"BOMBRIL";"BOBR4";"Micro Cap";"Balcão Org. Tradicional";"80% para ações ON";"Consumo não Cíclico";"Produtos de Uso Pessoal e de Limpeza";"Produtos de Limpeza";"BOBR4.SA"
56;NA;"BTGP BANCO";"BPAC11";"Mega Cap";"Nível 2 de Governança Corporativa";"100% para ações ON e PN";"Financeiro";"Intermediários Financeiros";"Bancos";"BPAC11.SA"
56;NA;"BTGP BANCO";"BPAC3";"Mega Cap";"Nível 2 de Governança Corporativa";"100% para ações ON e PN";"Financeiro";"Intermediários Financeiros";"Bancos";"BPAC3.SA"
56;NA;"BTGP BANCO";"BPAC5";"Mega Cap";"Nível 2 de Governança Corporativa";"100% para ações ON e PN";"Financeiro";"Intermediários Financeiros";"Bancos";"BPAC5.SA"
57;NA;"BANCO PAN";"BPAN4";"Mid Cap";"Nível 1 de Governança Corporativa";"80% para ações ON";"Financeiro";"Intermediários Financeiros";"Bancos";"BPAN4.SA"
58;NA;"BANPARA";"BPAR3";"Small Cap";"Balcão Org. Tradicional";"80% para ações ON";"Financeiro";"Intermediários Financeiros";"Bancos";"BPAR3.SA"
59;NA;"BR PHARMA";"BPHA3";"Nano Cap";"Novo Mercado";"100% para ações ON";"Saúde";"Medicamentos e Outros Produtos";"Medicamentos e Outros Produtos";"BPHA3.SA"
60;NA;"BRADESPAR";"BRAP3";"Mid Cap";"Nível 1 de Governança Corporativa";"80% para ações ON";"Materiais Básicos";"Mineração";"Minerais Metálicos";"BRAP3.SA"
60;NA;"BRADESPAR";"BRAP4";"Mid Cap";"Nível 1 de Governança Corporativa";"80% para ações ON";"Materiais Básicos";"Mineração";"Minerais Metálicos";"BRAP4.SA"
61;NA;"BR PARTNERS";"BRBI11";"Small Cap";"Nível 2 de Governança Corporativa";"100% para ações ON e PN";"Financeiro";"Intermediários Financeiros";"Bancos";"BRBI11.SA"
62;NA;"BRF SA";"BRFS3";"Mid Cap";"Novo Mercado";"100% para ações ON";"Consumo não Cíclico";"Alimentos Processados";"Carnes e Derivados";"BRFS3.SA"
63;NA;"ALFA CONSORC";"BRGE11";"Micro Cap";"Balcão Org. Tradicional";"80% para ações ON";"Financeiro";"Previdência e Seguros";"Seguradoras";"BRGE11.SA"
63;NA;"ALFA CONSORC";"BRGE12";"Micro Cap";"Balcão Org. Tradicional";"80% para ações ON";"Financeiro";"Previdência e Seguros";"Seguradoras";"BRGE12.SA"
63;NA;"ALFA CONSORC";"BRGE3";"Micro Cap";"Balcão Org. Tradicional";"80% para ações ON";"Financeiro";"Previdência e Seguros";"Seguradoras";"BRGE3.SA"
63;NA;"ALFA CONSORC";"BRGE5";"Micro Cap";"Balcão Org. Tradicional";"80% para ações ON";"Financeiro";"Previdência e Seguros";"Seguradoras";"BRGE5.SA"
63;NA;"ALFA CONSORC";"BRGE6";"Micro Cap";"Balcão Org. Tradicional";"80% para ações ON";"Financeiro";"Previdência e Seguros";"Seguradoras";"BRGE6.SA"
63;NA;"ALFA CONSORC";"BRGE7";"Micro Cap";"Balcão Org. Tradicional";"80% para ações ON";"Financeiro";"Previdência e Seguros";"Seguradoras";"BRGE7.SA"
63;NA;"ALFA CONSORC";"BRGE8";"Micro Cap";"Balcão Org. Tradicional";"80% para ações ON";"Financeiro";"Previdência e Seguros";"Seguradoras";"BRGE8.SA"
64;NA;"BRISANET";"BRIT3";"Small Cap";"Novo Mercado";"100% para ações ON";"Comunicações";"Telecomunicações";"Telecomunicações";"BRIT3.SA"
65;NA;"ALFA INVEST";"BRIV3";"Micro Cap";"Balcão Org. Tradicional";"80% para ações ON";"Financeiro";"Intermediários Financeiros";"Bancos";"BRIV3.SA"
65;NA;"ALFA INVEST";"BRIV4";"Micro Cap";"Balcão Org. Tradicional";"80% para ações ON";"Financeiro";"Intermediários Financeiros";"Bancos";"BRIV4.SA"
66;NA;"BRASKEM";"BRKM3";"Big Cap";"Nível 1 de Governança Corporativa";"80% para ações ON";"Materiais Básicos";"Químicos";"Petroquímicos";"BRKM3.SA"
66;NA;"BRASKEM";"BRKM5";"Big Cap";"Nível 1 de Governança Corporativa";"80% para ações ON";"Materiais Básicos";"Químicos";"Petroquímicos";"BRKM5.SA"
66;NA;"BRASKEM";"BRKM6";"Big Cap";"Nível 1 de Governança Corporativa";"80% para ações ON";"Materiais Básicos";"Químicos";"Petroquímicos";"BRKM6.SA"
67;NA;"BR MALLS PAR";"BRML3";"Mid Cap";"Novo Mercado";"100% para ações ON";"Financeiro";"Exploração de Imóveis";"Exploração de Imóveis";"BRML3.SA"
68;NA;"BR PROPERT";"BRPR3";"Small Cap";"Novo Mercado";"100% para ações ON";"Financeiro";"Exploração de Imóveis";"Exploração de Imóveis";"BRPR3.SA"
69;NA;"BRQ";"BRQB3";"-";"Bovespa Mais";"100% para ações ON";"Tecnologia da Informação";"Programas e Serviços";"Programas e Serviços";"BRQB3.SA"
70;NA;"BANRISUL";"BRSR3";"Mid Cap";"Nível 1 de Governança Corporativa";"80% para ações ON";"Financeiro";"Intermediários Financeiros";"Bancos";"BRSR3.SA"
70;NA;"BANRISUL";"BRSR5";"Mid Cap";"Nível 1 de Governança Corporativa";"80% para ações ON";"Financeiro";"Intermediários Financeiros";"Bancos";"BRSR5.SA"
70;NA;"BANRISUL";"BRSR6";"Mid Cap";"Nível 1 de Governança Corporativa";"80% para ações ON";"Financeiro";"Intermediários Financeiros";"Bancos";"BRSR6.SA"
71;NA;"BRB BANCO";"BSLI3";"Mid Cap";"Balcão Org. Tradicional";"80% para ações ON";"Financeiro";"Intermediários Financeiros";"Bancos";"BSLI3.SA"
71;NA;"BRB BANCO";"BSLI4";"Mid Cap";"Balcão Org. Tradicional";"80% para ações ON";"Financeiro";"Intermediários Financeiros";"Bancos";"BSLI4.SA"
72;NA;"EMBPAR S/A";"BTTL3";"Micro Cap";"Balcão Org. Tradicional";"80% para ações ON";"Bens Industriais";"Comércio";"Material de Transporte";"BTTL3.SA"
73;NA;"CONST A LIND";"CALI3";"Nano Cap";"Balcão Org. Tradicional";"80% para ações ON";"Consumo Cíclico";"Construção Civil";"Incorporações";"CALI3.SA"
73;NA;"CONST A LIND";"CALI4";"Nano Cap";"Balcão Org. Tradicional";"80% para ações ON";"Consumo Cíclico";"Construção Civil";"Incorporações";"CALI4.SA"
74;NA;"CAMBUCI";"CAMB3";"Micro Cap";"Balcão Org. Tradicional";"80% para ações ON";"Consumo Cíclico";"Tecidos. Vestuário e Calçados";"Calçados";"CAMB3.SA"
75;NA;"CAMIL";"CAML3";"Small Cap";"Novo Mercado";"100% para ações ON";"Consumo não Cíclico";"Alimentos Processados";"Alimentos Diversos";"CAML3.SA"
76;NA;"CSU CARDSYST";"CARD3";"Micro Cap";"Novo Mercado";"100% para ações ON";"Financeiro";"Serviços Financeiros Diversos";"Serviços Financeiros Diversos";"CARD3.SA"
77;NA;"MELIUZ";"CASH3";"Small Cap";"Novo Mercado";"100% para ações ON";"Tecnologia da Informação";"Programas e Serviços";"Programas e Serviços";"CASH3.SA"
78;NA;"CASAN";"CASN3";"Mid Cap";"Balcão Org. Tradicional";"80% para ações ON";"Utilidade Pública";"Água e Saneamento";"Água e Saneamento";"CASN3.SA"
78;NA;"CASAN";"CASN4";"Mid Cap";"Balcão Org. Tradicional";"80% para ações ON";"Utilidade Pública";"Água e Saneamento";"Água e Saneamento";"CASN4.SA"
79;NA;"IND CATAGUAS";"CATA3";"-";"Balcão Org. Tradicional";"80% para ações ON";"Consumo Cíclico";"Tecidos. Vestuário e Calçados";"Fios e Tecidos";"CATA3.SA"
79;NA;"IND CATAGUAS";"CATA4";"-";"Balcão Org. Tradicional";"80% para ações ON";"Consumo Cíclico";"Tecidos. Vestuário e Calçados";"Fios e Tecidos";"CATA4.SA"
80;NA;"CBA";"CBAV3";"Mid Cap";"Novo Mercado";"100% para ações ON";"Materiais Básicos";"Mineração";"Minerais Metálicos";"CBAV3.SA"
81;NA;"AMPLA ENERG";"CBEE3";"Small Cap";"Balcão Org. Tradicional";"80% para ações ON";"Utilidade Pública";"Energia Elétrica";"Energia Elétrica";"CBEE3.SA"
82;NA;"SYN PROP TEC";"CCPR3";"Small Cap";"Novo Mercado";"100% para ações ON";"Financeiro";"Exploração de Imóveis";"Exploração de Imóveis";"CCPR3.SA"
83;NA;"CCR SA";"CCRO3";"Mid Cap";"Novo Mercado";"100% para ações ON";"Bens Industriais";"Transporte";"Exploração de Rodovias";"CCRO3.SA"
84;NA;"CCX CARVAO";"CCXC3";"Nano Cap";"Novo Mercado";"100% para ações ON";"Financeiro e Outros";"Outros";"Outros";"CCXC3.SA"
85;NA;"CEA MODAS";"CEAB3";"Small Cap";"Novo Mercado";"100% para ações ON";"Consumo Cíclico";"Comércio";"Tecidos. Vestuário e Calçados";"CEAB3.SA"
86;NA;"CEB";"CEBR3";"Small Cap";"Balcão Org. Tradicional";"80% para ações ON";"Utilidade Pública";"Energia Elétrica";"Energia Elétrica";"CEBR3.SA"
86;NA;"CEB";"CEBR5";"Small Cap";"Balcão Org. Tradicional";"80% para ações ON";"Utilidade Pública";"Energia Elétrica";"Energia Elétrica";"CEBR5.SA"
86;NA;"CEB";"CEBR6";"Small Cap";"Balcão Org. Tradicional";"80% para ações ON";"Utilidade Pública";"Energia Elétrica";"Energia Elétrica";"CEBR6.SA"
87;NA;"CEDRO";"CEDO3";"Nano Cap";"Nível 1 de Governança Corporativa";"80% para ações ON";"Consumo Cíclico";"Tecidos. Vestuário e Calçados";"Fios e Tecidos";"CEDO3.SA"
87;NA;"CEDRO";"CEDO4";"Nano Cap";"Nível 1 de Governança Corporativa";"80% para ações ON";"Consumo Cíclico";"Tecidos. Vestuário e Calçados";"Fios e Tecidos";"CEDO4.SA"
88;NA;"COELBA";"CEEB3";"Mid Cap";"Balcão Org. Tradicional";"80% para ações ON";"Utilidade Pública";"Energia Elétrica";"Energia Elétrica";"CEEB3.SA"
88;NA;"COELBA";"CEEB5";"Mid Cap";"Balcão Org. Tradicional";"80% para ações ON";"Utilidade Pública";"Energia Elétrica";"Energia Elétrica";"CEEB5.SA"
88;NA;"COELBA";"CEEB6";"Mid Cap";"Balcão Org. Tradicional";"80% para ações ON";"Utilidade Pública";"Energia Elétrica";"Energia Elétrica";"CEEB6.SA"
89;NA;"CEEE-D";"CEED3";"Small Cap";"Nível 1 de Governança Corporativa";"80% para ações ON";"Utilidade Pública";"Energia Elétrica";"Energia Elétrica";"CEED3.SA"
89;NA;"CEEE-D";"CEED4";"Small Cap";"Nível 1 de Governança Corporativa";"80% para ações ON";"Utilidade Pública";"Energia Elétrica";"Energia Elétrica";"CEED4.SA"
90;NA;"CEG";"CEGR3";"Mid Cap";"Balcão Org. Tradicional";"80% para ações ON";"Utilidade Pública";"Gás";"Gás";"CEGR3.SA"
91;NA;"CELPE";"CEPE3";"Mid Cap";"Balcão Org. Tradicional";"80% para ações ON";"Utilidade Pública";"Energia Elétrica";"Energia Elétrica";"CEPE3.SA"
91;NA;"CELPE";"CEPE5";"Mid Cap";"Balcão Org. Tradicional";"80% para ações ON";"Utilidade Pública";"Energia Elétrica";"Energia Elétrica";"CEPE5.SA"
91;NA;"CELPE";"CEPE6";"Mid Cap";"Balcão Org. Tradicional";"80% para ações ON";"Utilidade Pública";"Energia Elétrica";"Energia Elétrica";"CEPE6.SA"
92;NA;"CESP";"CESP3";"Mid Cap";"Nível 1 de Governança Corporativa";"80% para ações ON";"Utilidade Pública";"Energia Elétrica";"Energia Elétrica";"CESP3.SA"
92;NA;"CESP";"CESP5";"Mid Cap";"Nível 1 de Governança Corporativa";"80% para ações ON";"Utilidade Pública";"Energia Elétrica";"Energia Elétrica";"CESP5.SA"
92;NA;"CESP";"CESP6";"Mid Cap";"Nível 1 de Governança Corporativa";"80% para ações ON";"Utilidade Pública";"Energia Elétrica";"Energia Elétrica";"CESP6.SA"
93;NA;"COMGAS";"CGAS3";"Mid Cap";"Balcão Org. Tradicional";"80% para ações ON";"Utilidade Pública";"Gás";"Gás";"CGAS3.SA"
93;NA;"COMGAS";"CGAS5";"Mid Cap";"Balcão Org. Tradicional";"80% para ações ON";"Utilidade Pública";"Gás";"Gás";"CGAS5.SA"
94;NA;"GRAZZIOTIN";"CGRA3";"Micro Cap";"Balcão Org. Tradicional";"80% para ações ON";"Consumo Cíclico";"Comércio";"Tecidos. Vestuário e Calçados";"CGRA3.SA"
94;NA;"GRAZZIOTIN";"CGRA4";"Micro Cap";"Balcão Org. Tradicional";"80% para ações ON";"Consumo Cíclico";"Comércio";"Tecidos. Vestuário e Calçados";"CGRA4.SA"
95;NA;"CIELO";"CIEL3";"Mid Cap";"Novo Mercado";"100% para ações ON";"Financeiro";"Serviços Financeiros Diversos";"Serviços Financeiros Diversos";"CIEL3.SA"
96;NA;"CLEARSALE";"CLSA3";"Small Cap";"Novo Mercado";"100% para ações ON";"Financeiro";"Serviços Financeiros Diversos";"Serviços Financeiros Diversos";"CLSA3.SA"
97;NA;"CELESC";"CLSC3";"Small Cap";"Nível 2 de Governança Corporativa";"100% para ações ON e PN";"Utilidade Pública";"Energia Elétrica";"Energia Elétrica";"CLSC3.SA"
97;NA;"CELESC";"CLSC4";"Small Cap";"Nível 2 de Governança Corporativa";"100% para ações ON e PN";"Utilidade Pública";"Energia Elétrica";"Energia Elétrica";"CLSC4.SA"
98;NA;"CEMIG";"CMIG3";"Big Cap";"Nível 1 de Governança Corporativa";"80% para ações ON";"Utilidade Pública";"Energia Elétrica";"Energia Elétrica";"CMIG3.SA"
98;NA;"CEMIG";"CMIG4";"Big Cap";"Nível 1 de Governança Corporativa";"80% para ações ON";"Utilidade Pública";"Energia Elétrica";"Energia Elétrica";"CMIG4.SA"
99;NA;"CSNMINERACAO";"CMIN3";"Big Cap";"Nível 2 de Governança Corporativa";"100% para ações ON e PN";"Materiais Básicos";"Mineração";"Minerais Metálicos";"CMIN3.SA"
100;NA;"CIMS";"CMSA3";"-";"Balcão Org. Tradicional";"80% para ações ON";"Outros";"Outros";"Outros";"CMSA3.SA"
100;NA;"CIMS";"CMSA4";"-";"Balcão Org. Tradicional";"80% para ações ON";"Outros";"Outros";"Outros";"CMSA4.SA"
101;NA;"CINESYSTEM";"CNSY3";"-";"Bovespa Mais";"100% para ações ON";"Comunicações";"Mídia";"Produção e Difusão de Filmes e Programas";"CNSY3.SA"
102;NA;"COELCE";"COCE3";"Small Cap";"Balcão Org. Tradicional";"80% para ações ON";"Utilidade Pública";"Energia Elétrica";"Energia Elétrica";"COCE3.SA"
102;NA;"COELCE";"COCE5";"Small Cap";"Balcão Org. Tradicional";"80% para ações ON";"Utilidade Pública";"Energia Elétrica";"Energia Elétrica";"COCE5.SA"
102;NA;"COELCE";"COCE6";"Small Cap";"Balcão Org. Tradicional";"80% para ações ON";"Utilidade Pública";"Energia Elétrica";"Energia Elétrica";"COCE6.SA"
103;NA;"COGNA ON";"COGN3";"Mid Cap";"Novo Mercado";"100% para ações ON";"Consumo Cíclico";"Diversos";"Serviços Educacionais";"COGN3.SA"
104;NA;"COR RIBEIRO";"CORR3";"Nano Cap";"Balcão Org. Tradicional";"80% para ações ON";"Financeiro";"Exploração de Imóveis";"Exploração de Imóveis";"CORR3.SA"
104;NA;"COR RIBEIRO";"CORR4";"Nano Cap";"Balcão Org. Tradicional";"80% para ações ON";"Financeiro";"Exploração de Imóveis";"Exploração de Imóveis";"CORR4.SA"
105;NA;"CPFL ENERGIA";"CPFE3";"Big Cap";"Novo Mercado";"100% para ações ON";"Utilidade Pública";"Energia Elétrica";"Energia Elétrica";"CPFE3.SA"
106;NA;"COPEL";"CPLE11";"Big Cap";"Nível 1 de Governança Corporativa";"80% para ações ON";"Utilidade Pública";"Energia Elétrica";"Energia Elétrica";"CPLE11.SA"
106;NA;"COPEL";"CPLE3";"Big Cap";"Nível 1 de Governança Corporativa";"80% para ações ON";"Utilidade Pública";"Energia Elétrica";"Energia Elétrica";"CPLE3.SA"
106;NA;"COPEL";"CPLE5";"Big Cap";"Nível 1 de Governança Corporativa";"80% para ações ON";"Utilidade Pública";"Energia Elétrica";"Energia Elétrica";"CPLE5.SA"
106;NA;"COPEL";"CPLE6";"Big Cap";"Nível 1 de Governança Corporativa";"80% para ações ON";"Utilidade Pública";"Energia Elétrica";"Energia Elétrica";"CPLE6.SA"
107;NA;"CR2";"CRDE3";"Nano Cap";"Novo Mercado";"100% para ações ON";"Consumo Cíclico";"Construção Civil";"Incorporações";"CRDE3.SA"
108;NA;"CARREFOUR BR";"CRFB3";"Big Cap";"Novo Mercado";"100% para ações ON";"Consumo não Cíclico";"Comércio e Distribuição";"Alimentos";"CRFB3.SA"
109;NA;"ALFA FINANC";"CRIV3";"Micro Cap";"Balcão Org. Tradicional";"80% para ações ON";"Financeiro";"Intermediários Financeiros";"Soc. Crédito e Financiamento";"CRIV3.SA"
109;NA;"ALFA FINANC";"CRIV4";"Micro Cap";"Balcão Org. Tradicional";"80% para ações ON";"Financeiro";"Intermediários Financeiros";"Soc. Crédito e Financiamento";"CRIV4.SA"
110;NA;"CRISTAL";"CRPG3";"Small Cap";"Balcão Org. Tradicional";"80% para ações ON";"Materiais Básicos";"Químicos";"Químicos Diversos";"CRPG3.SA"
110;NA;"CRISTAL";"CRPG5";"Small Cap";"Balcão Org. Tradicional";"80% para ações ON";"Materiais Básicos";"Químicos";"Químicos Diversos";"CRPG5.SA"
110;NA;"CRISTAL";"CRPG6";"Small Cap";"Balcão Org. Tradicional";"80% para ações ON";"Materiais Básicos";"Químicos";"Químicos Diversos";"CRPG6.SA"
111;NA;"SEG AL BAHIA";"CSAB3";"Micro Cap";"Balcão Org. Tradicional";"80% para ações ON";"Financeiro";"Previdência e Seguros";"Seguradoras";"CSAB3.SA"
111;NA;"SEG AL BAHIA";"CSAB4";"Micro Cap";"Balcão Org. Tradicional";"80% para ações ON";"Financeiro";"Previdência e Seguros";"Seguradoras";"CSAB4.SA"
112;NA;"COSAN";"CSAN3";"Big Cap";"Novo Mercado";"100% para ações ON";"Petróleo. Gás e Biocombustíveis";"Petróleo. Gás e Biocombustíveis";"Exploração. Refino e Distribuição";"CSAN3.SA"
113;NA;"CRUZEIRO EDU";"CSED3";"Small Cap";"Novo Mercado";"100% para ações ON";"Consumo Cíclico";"Diversos";"Serviços Educacionais";"CSED3.SA"
114;NA;"COPASA";"CSMG3";"Mid Cap";"Novo Mercado";"100% para ações ON";"Utilidade Pública";"Água e Saneamento";"Água e Saneamento";"CSMG3.SA"
115;NA;"SID NACIONAL";"CSNA3";"Big Cap";"Balcão Org. Tradicional";"80% para ações ON";"Materiais Básicos";"Siderurgia e Metalurgia";"Siderurgia";"CSNA3.SA"
116;NA;"COSERN";"CSRN3";"Small Cap";"Balcão Org. Tradicional";"80% para ações ON";"Utilidade Pública";"Energia Elétrica";"Energia Elétrica";"CSRN3.SA"
116;NA;"COSERN";"CSRN5";"Small Cap";"Balcão Org. Tradicional";"80% para ações ON";"Utilidade Pública";"Energia Elétrica";"Energia Elétrica";"CSRN5.SA"
116;NA;"COSERN";"CSRN6";"Small Cap";"Balcão Org. Tradicional";"80% para ações ON";"Utilidade Pública";"Energia Elétrica";"Energia Elétrica";"CSRN6.SA"
117;NA;"CTC S.A.";"CTCA3";"-";"Bovespa Mais";"100% para ações ON";"Consumo não Cíclico";"Agropecuária";"Agricultura";"CTCA3.SA"
118;NA;"KARSTEN";"CTKA3";"Nano Cap";"Balcão Org. Tradicional";"80% para ações ON";"Consumo Cíclico";"Tecidos. Vestuário e Calçados";"Fios e Tecidos";"CTKA3.SA"
118;NA;"KARSTEN";"CTKA4";"Nano Cap";"Balcão Org. Tradicional";"80% para ações ON";"Consumo Cíclico";"Tecidos. Vestuário e Calçados";"Fios e Tecidos";"CTKA4.SA"
119;NA;"COTEMINAS";"CTNM3";"Nano Cap";"Balcão Org. Tradicional";"80% para ações ON";"Consumo Cíclico";"Tecidos. Vestuário e Calçados";"Fios e Tecidos";"CTNM3.SA"
119;NA;"COTEMINAS";"CTNM4";"Nano Cap";"Balcão Org. Tradicional";"80% para ações ON";"Consumo Cíclico";"Tecidos. Vestuário e Calçados";"Fios e Tecidos";"CTNM4.SA"
120;NA;"SANTANENSE";"CTSA3";"Nano Cap";"Balcão Org. Tradicional";"80% para ações ON";"Consumo Cíclico";"Tecidos. Vestuário e Calçados";"Fios e Tecidos";"CTSA3.SA"
120;NA;"SANTANENSE";"CTSA4";"Nano Cap";"Balcão Org. Tradicional";"80% para ações ON";"Consumo Cíclico";"Tecidos. Vestuário e Calçados";"Fios e Tecidos";"CTSA4.SA"
121;NA;"CURY S/A";"CURY3";"Small Cap";"Novo Mercado";"100% para ações ON";"Consumo Cíclico";"Construção Civil";"Incorporações";"CURY3.SA"
122;NA;"CVC BRASIL";"CVCB3";"Small Cap";"Novo Mercado";"100% para ações ON";"Consumo Cíclico";"Viagens e Lazer";"Viagens e Turismo";"CVCB3.SA"
123;NA;"CAIXA SEGURI";"CXSE3";"Big Cap";"Novo Mercado";"100% para ações ON";"Financeiro";"Previdência e Seguros";"Seguradoras";"CXSE3.SA"
124;NA;"CYRELA REALT";"CYRE3";"Mid Cap";"Novo Mercado";"100% para ações ON";"Consumo Cíclico";"Construção Civil";"Incorporações";"CYRE3.SA"
125;NA;"DASA";"DASA3";"Mid Cap";"Novo Mercado";"100% para ações ON";"Saúde";"Serv.Méd.Hospit..Análises e Diagnósticos";"Serv.Méd.Hospit..Análises e Diagnósticos";"DASA3.SA"
126;NA;"DESKTOP";"DESK3";"Small Cap";"Novo Mercado";"100% para ações ON";"Comunicações";"Telecomunicações";"Telecomunicações";"DESK3.SA"
127;NA;"DEXXOS PAR";"DEXP3";"Micro Cap";"Nível 1 de Governança Corporativa";"80% para ações ON";"Materiais Básicos";"Químicos";"Petroquímicos";"DEXP3.SA"
127;NA;"DEXXOS PAR";"DEXP4";"Micro Cap";"Nível 1 de Governança Corporativa";"80% para ações ON";"Materiais Básicos";"Químicos";"Petroquímicos";"DEXP4.SA"
128;NA;"DIRECIONAL";"DIRR3";"Small Cap";"Novo Mercado";"100% para ações ON";"Consumo Cíclico";"Construção Civil";"Incorporações";"DIRR3.SA"
129;NA;"DOMMO";"DMMO3";"Micro Cap";"Balcão Org. Tradicional";"80% para ações ON";"Petróleo. Gás e Biocombustíveis";"Petróleo. Gás e Biocombustíveis";"Exploração. Refino e Distribuição";"DMMO3.SA"
130;NA;"D1000VFARMA";"DMVF3";"Micro Cap";"Novo Mercado";"100% para ações ON";"Saúde";"Comércio e Distribuição";"Medicamentos e Outros Produtos";"DMVF3.SA"
131;NA;"DOHLER";"DOHL3";"Small Cap";"Balcão Org. Tradicional";"80% para ações ON";"Consumo Cíclico";"Tecidos. Vestuário e Calçados";"Fios e Tecidos";"DOHL3.SA"
131;NA;"DOHLER";"DOHL4";"Small Cap";"Balcão Org. Tradicional";"80% para ações ON";"Consumo Cíclico";"Tecidos. Vestuário e Calçados";"Fios e Tecidos";"DOHL4.SA"
132;NA;"DOTZ SA";"DOTZ3";"Micro Cap";"Novo Mercado";"100% para ações ON";"Consumo Cíclico";"Diversos";"Programas de Fidelização";"DOTZ3.SA"
133;NA;"DTCOM-DIRECT";"DTCY3";"Nano Cap";"Balcão Org. Tradicional";"80% para ações ON";"Bens Industriais";"Serviços";"Serviços Diversos";"DTCY3.SA"
133;NA;"DTCOM-DIRECT";"DTCY4";"Nano Cap";"Balcão Org. Tradicional";"80% para ações ON";"Bens Industriais";"Serviços";"Serviços Diversos";"DTCY4.SA"
134;NA;"DEXCO";"DTEX3";"Mid Cap";"Novo Mercado";"100% para ações ON";"Materiais Básicos";"Madeira e Papel";"Madeira";"DTEX3.SA"
135;NA;"ACO ALTONA";"EALT3";"Nano Cap";"Balcão Org. Tradicional";"80% para ações ON";"Bens Industriais";"Máquinas e Equipamentos";"Máq. e Equip. Industriais";"EALT3.SA"
135;NA;"ACO ALTONA";"EALT4";"Nano Cap";"Balcão Org. Tradicional";"80% para ações ON";"Bens Industriais";"Máquinas e Equipamentos";"Máq. e Equip. Industriais";"EALT4.SA"
136;NA;"ECORODOVIAS";"ECOR3";"Mid Cap";"Novo Mercado";"100% para ações ON";"Bens Industriais";"Transporte";"Exploração de Rodovias";"ECOR3.SA"
137;NA;"ENCORPAR";"ECPR3";"Nano Cap";"Balcão Org. Tradicional";"80% para ações ON";"Consumo Cíclico";"Tecidos. Vestuário e Calçados";"Fios e Tecidos";"ECPR3.SA"
137;NA;"ENCORPAR";"ECPR4";"Nano Cap";"Balcão Org. Tradicional";"80% para ações ON";"Consumo Cíclico";"Tecidos. Vestuário e Calçados";"Fios e Tecidos";"ECPR4.SA"
138;NA;"CEEE-T";"EEEL3";"Small Cap";"Nível 1 de Governança Corporativa";"80% para ações ON";"Utilidade Pública";"Energia Elétrica";"Energia Elétrica";"EEEL3.SA"
138;NA;"CEEE-T";"EEEL4";"Small Cap";"Nível 1 de Governança Corporativa";"80% para ações ON";"Utilidade Pública";"Energia Elétrica";"Energia Elétrica";"EEEL4.SA"
139;NA;"ENGIE BRASIL";"EGIE3";"Big Cap";"Novo Mercado";"100% para ações ON";"Utilidade Pública";"Energia Elétrica";"Energia Elétrica";"EGIE3.SA"
140;NA;"ELEKTRO";"EKTR3";"Mid Cap";"Balcão Org. Tradicional";"80% para ações ON";"Utilidade Pública";"Energia Elétrica";"Energia Elétrica";"EKTR3.SA"
140;NA;"ELEKTRO";"EKTR4";"Mid Cap";"Balcão Org. Tradicional";"80% para ações ON";"Utilidade Pública";"Energia Elétrica";"Energia Elétrica";"EKTR4.SA"
141;NA;"ELEKEIROZ";"ELEK3";"Micro Cap";"Balcão Org. Tradicional";"80% para ações ON";"Materiais Básicos";"Químicos";"Petroquímicos";"ELEK3.SA"
141;NA;"ELEKEIROZ";"ELEK4";"Micro Cap";"Balcão Org. Tradicional";"80% para ações ON";"Materiais Básicos";"Químicos";"Petroquímicos";"ELEK4.SA"
142;NA;"ELETROBRAS";"ELET3";"Big Cap";"Nível 1 de Governança Corporativa";"80% para ações ON";"Utilidade Pública";"Energia Elétrica";"Energia Elétrica";"ELET3.SA"
142;NA;"ELETROBRAS";"ELET5";"Big Cap";"Nível 1 de Governança Corporativa";"80% para ações ON";"Utilidade Pública";"Energia Elétrica";"Energia Elétrica";"ELET5.SA"
142;NA;"ELETROBRAS";"ELET6";"Big Cap";"Nível 1 de Governança Corporativa";"80% para ações ON";"Utilidade Pública";"Energia Elétrica";"Energia Elétrica";"ELET6.SA"
143;NA;"ELETROMIDIA";"ELMD3";"Small Cap";"Novo Mercado";"100% para ações ON";"Comunicações";"Mídia";"Publicidade e Propaganda";"ELMD3.SA"
144;NA;"EMAE";"EMAE3";"Small Cap";"Balcão Org. Tradicional";"80% para ações ON";"Utilidade Pública";"Energia Elétrica";"Energia Elétrica";"EMAE3.SA"
144;NA;"EMAE";"EMAE4";"Small Cap";"Balcão Org. Tradicional";"80% para ações ON";"Utilidade Pública";"Energia Elétrica";"Energia Elétrica";"EMAE4.SA"
145;NA;"EMBRAER";"EMBR3";"Mid Cap";"Novo Mercado";"100% para ações ON";"Bens Industriais";"Material de Transporte";"Material Aeronáutico e de Defesa";"EMBR3.SA"
146;NA;"ENAUTA PART";"ENAT3";"Small Cap";"Novo Mercado";"100% para ações ON";"Petróleo. Gás e Biocombustíveis";"Petróleo. Gás e Biocombustíveis";"Exploração. Refino e Distribuição";"ENAT3.SA"
147;NA;"ENERGIAS BR";"ENBR3";"Mid Cap";"Novo Mercado";"100% para ações ON";"Utilidade Pública";"Energia Elétrica";"Energia Elétrica";"ENBR3.SA"
148;NA;"ENEVA";"ENEV3";"Mid Cap";"Novo Mercado";"100% para ações ON";"Utilidade Pública";"Energia Elétrica";"Energia Elétrica";"ENEV3.SA"
149;NA;"ENERGISA";"ENGI11";"Mid Cap";"Nível 2 de Governança Corporativa";"100% para ações ON e PN";"Utilidade Pública";"Energia Elétrica";"Energia Elétrica";"ENGI11.SA"
149;NA;"ENERGISA";"ENGI3";"Mid Cap";"Nível 2 de Governança Corporativa";"100% para ações ON e PN";"Utilidade Pública";"Energia Elétrica";"Energia Elétrica";"ENGI3.SA"
149;NA;"ENERGISA";"ENGI4";"Mid Cap";"Nível 2 de Governança Corporativa";"100% para ações ON e PN";"Utilidade Pública";"Energia Elétrica";"Energia Elétrica";"ENGI4.SA"
150;NA;"ENJOEI";"ENJU3";"Micro Cap";"Novo Mercado";"100% para ações ON";"Tecnologia da Informação";"Programas e Serviços";"Programas e Serviços";"ENJU3.SA"
151;NA;"ENERGISA MT";"ENMT3";"Mid Cap";"Balcão Org. Tradicional";"80% para ações ON";"Utilidade Pública";"Energia Elétrica";"Energia Elétrica";"ENMT3.SA"
151;NA;"ENERGISA MT";"ENMT4";"Mid Cap";"Balcão Org. Tradicional";"80% para ações ON";"Utilidade Pública";"Energia Elétrica";"Energia Elétrica";"ENMT4.SA"
152;NA;"EQTL PARA";"EQPA3";"Mid Cap";"Balcão Org. Tradicional";"80% para ações ON";"Utilidade Pública";"Energia Elétrica";"Energia Elétrica";"EQPA3.SA"
152;NA;"EQTL PARA";"EQPA5";"Mid Cap";"Balcão Org. Tradicional";"80% para ações ON";"Utilidade Pública";"Energia Elétrica";"Energia Elétrica";"EQPA5.SA"
152;NA;"EQTL PARA";"EQPA6";"Mid Cap";"Balcão Org. Tradicional";"80% para ações ON";"Utilidade Pública";"Energia Elétrica";"Energia Elétrica";"EQPA6.SA"
152;NA;"EQTL PARA";"EQPA7";"Mid Cap";"Balcão Org. Tradicional";"80% para ações ON";"Utilidade Pública";"Energia Elétrica";"Energia Elétrica";"EQPA7.SA"
153;NA;"EQUATORIAL";"EQTL3";"Mid Cap";"Novo Mercado";"100% para ações ON";"Utilidade Pública";"Energia Elétrica";"Energia Elétrica";"EQTL3.SA"
154;NA;"ESPACOLASER";"ESPA3";"Small Cap";"Novo Mercado";"100% para ações ON";"Consumo Cíclico";"Comércio";"Produtos Diversos";"ESPA3.SA"
155;NA;"ESTRELA";"ESTR3";"Nano Cap";"Balcão Org. Tradicional";"80% para ações ON";"Consumo Cíclico";"Viagens e Lazer";"Brinquedos e Jogos";"ESTR3.SA"
155;NA;"ESTRELA";"ESTR4";"Nano Cap";"Balcão Org. Tradicional";"80% para ações ON";"Consumo Cíclico";"Viagens e Lazer";"Brinquedos e Jogos";"ESTR4.SA"
156;NA;"ETERNIT";"ETER3";"Small Cap";"Novo Mercado";"100% para ações ON";"Bens Industriais";"Construção e Engenharia";"Produtos para Construção";"ETER3.SA"
157;NA;"EUCATEX";"EUCA3";"Small Cap";"Nível 1 de Governança Corporativa";"80% para ações ON";"Materiais Básicos";"Madeira e Papel";"Madeira";"EUCA3.SA"
157;NA;"EUCATEX";"EUCA4";"Small Cap";"Nível 1 de Governança Corporativa";"80% para ações ON";"Materiais Básicos";"Madeira e Papel";"Madeira";"EUCA4.SA"
158;NA;"EVEN";"EVEN3";"Small Cap";"Novo Mercado";"100% para ações ON";"Consumo Cíclico";"Construção Civil";"Incorporações";"EVEN3.SA"
159;NA;"EZTEC";"EZTC3";"Small Cap";"Novo Mercado";"100% para ações ON";"Consumo Cíclico";"Construção Civil";"Incorporações";"EZTC3.SA"
160;NA;"FERBASA";"FESA3";"Small Cap";"Nível 1 de Governança Corporativa";"80% para ações ON";"Materiais Básicos";"Siderurgia e Metalurgia";"Siderurgia";"FESA3.SA"
160;NA;"FERBASA";"FESA4";"Small Cap";"Nível 1 de Governança Corporativa";"80% para ações ON";"Materiais Básicos";"Siderurgia e Metalurgia";"Siderurgia";"FESA4.SA"
161;NA;"FER HERINGER";"FHER3";"Small Cap";"Novo Mercado";"100% para ações ON";"Materiais Básicos";"Químicos";"Fertilizantes e Defensivos";"FHER3.SA"
162;NA;"INVEST BEMGE";"FIGE3";"Nano Cap";"Balcão Org. Tradicional";"80% para ações ON";"Outros";"Outros";"Outros";"FIGE3.SA"
162;NA;"INVEST BEMGE";"FIGE4";"Nano Cap";"Balcão Org. Tradicional";"80% para ações ON";"Outros";"Outros";"Outros";"FIGE4.SA"
163;NA;"UNIFIQUE";"FIQE3";"Small Cap";"Novo Mercado";"100% para ações ON";"Comunicações";"Telecomunicações";"Telecomunicações";"FIQE3.SA"
164;NA;"FLEX S/A";"FLEX3";"-";"Bovespa Mais";"100% para ações ON";"Bens Industriais";"Serviços";"Serviços Diversos";"FLEX3.SA"
165;NA;"FLEURY";"FLRY3";"Mid Cap";"Novo Mercado";"100% para ações ON";"Saúde";"Serv.Méd.Hospit..Análises e Diagnósticos";"Serv.Méd.Hospit..Análises e Diagnósticos";"FLRY3.SA"
166;NA;"FINANSINOS";"FNCN3";"Nano Cap";"Balcão Org. Tradicional";"80% para ações ON";"Financeiro";"Intermediários Financeiros";"Soc. Crédito e Financiamento";"FNCN3.SA"
167;NA;"FRAS-LE";"FRAS3";"Small Cap";"Nível 1 de Governança Corporativa";"80% para ações ON";"Bens Industriais";"Material de Transporte";"Material Rodoviário";"FRAS3.SA"
168;NA;"METALFRIO";"FRIO3";"Nano Cap";"Novo Mercado";"100% para ações ON";"Bens Industriais";"Máquinas e Equipamentos";"Máq. e Equip. Industriais";"FRIO3.SA"
169;NA;"POMIFRUTAS";"FRTA3";"Nano Cap";"Novo Mercado";"100% para ações ON";"Consumo não Cíclico";"Agropecuária";"Agricultura";"FRTA3.SA"
170;NA;"G2D INVEST";"G2DI33";"-";"BDR Nível 3";"None";"Financeiro";"Serviços Financeiros Diversos";"Gestão de Recursos e Investimentos";"G2DI33.SA"
171;NA;"GER PARANAP";"GEPA3";"Small Cap";"Balcão Org. Tradicional";"80% para ações ON";"Utilidade Pública";"Energia Elétrica";"Energia Elétrica";"GEPA3.SA"
171;NA;"GER PARANAP";"GEPA4";"Small Cap";"Balcão Org. Tradicional";"80% para ações ON";"Utilidade Pública";"Energia Elétrica";"Energia Elétrica";"GEPA4.SA"
172;NA;"GAFISA";"GFSA3";"Micro Cap";"Novo Mercado";"100% para ações ON";"Consumo Cíclico";"Construção Civil";"Incorporações";"GFSA3.SA"
173;NA;"GERDAU";"GGBR3";"Big Cap";"Nível 1 de Governança Corporativa";"80% para ações ON";"Materiais Básicos";"Siderurgia e Metalurgia";"Siderurgia";"GGBR3.SA"
173;NA;"GERDAU";"GGBR4";"Big Cap";"Nível 1 de Governança Corporativa";"80% para ações ON";"Materiais Básicos";"Siderurgia e Metalurgia";"Siderurgia";"GGBR4.SA"
174;NA;"GPS";"GGPS3";"Mid Cap";"Novo Mercado";"100% para ações ON";"Bens Industriais";"Serviços";"Serviços Diversos";"GGPS3.SA"
175;NA;"GRUPO MATEUS";"GMAT3";"Mid Cap";"Novo Mercado";"100% para ações ON";"Consumo não Cíclico";"Comércio e Distribuição";"Alimentos";"GMAT3.SA"
176;NA;"INTERMEDICA";"GNDI3";"Big Cap";"Novo Mercado";"100% para ações ON";"Saúde";"Serv.Méd.Hospit..Análises e Diagnósticos";"Serv.Méd.Hospit..Análises e Diagnósticos";"GNDI3.SA"
177;NA;"GERDAU MET";"GOAU3";"Mid Cap";"Nível 1 de Governança Corporativa";"80% para ações ON";"Materiais Básicos";"Siderurgia e Metalurgia";"Siderurgia";"GOAU3.SA"
177;NA;"GERDAU MET";"GOAU4";"Mid Cap";"Nível 1 de Governança Corporativa";"80% para ações ON";"Materiais Básicos";"Siderurgia e Metalurgia";"Siderurgia";"GOAU4.SA"
178;NA;"GOL";"GOLL4";"Mid Cap";"Nível 2 de Governança Corporativa";"100% para ações ON e PN";"Bens Industriais";"Transporte";"Transporte Aéreo";"GOLL4.SA"
179;NA;"CELGPAR";"GPAR3";"Small Cap";"Balcão Org. Tradicional";"80% para ações ON";"Utilidade Pública";"Energia Elétrica";"Energia Elétrica";"GPAR3.SA"
180;NA;"GP INVEST";"GPIV33";"-";"BDR Nível 3";"None";"Financeiro";"Serviços Financeiros Diversos";"Gestão de Recursos e Investimentos";"GPIV33.SA"
181;NA;"AGRIBRASIL";"GRAO3";"-";"Bovespa Mais";"100% para ações ON";"Consumo não Cíclico";"Agropecuária";"Agricultura";"GRAO3.SA"
182;NA;"GRENDENE";"GRND3";"Mid Cap";"Novo Mercado";"100% para ações ON";"Consumo Cíclico";"Tecidos. Vestuário e Calçados";"Calçados";"GRND3.SA"
183;NA;"GENERALSHOPP";"GSHP3";"Nano Cap";"Novo Mercado";"100% para ações ON";"Financeiro";"Exploração de Imóveis";"Exploração de Imóveis";"GSHP3.SA"
184;NA;"GUARARAPES";"GUAR3";"Mid Cap";"Balcão Org. Tradicional";"80% para ações ON";"Consumo Cíclico";"Comércio";"Tecidos. Vestuário e Calçados";"GUAR3.SA"
185;NA;"HAGA S/A";"HAGA3";"Nano Cap";"Balcão Org. Tradicional";"80% para ações ON";"Bens Industriais";"Construção e Engenharia";"Produtos para Construção";"HAGA3.SA"
185;NA;"HAGA S/A";"HAGA4";"Nano Cap";"Balcão Org. Tradicional";"80% para ações ON";"Bens Industriais";"Construção e Engenharia";"Produtos para Construção";"HAGA4.SA"
186;NA;"HAPVIDA";"HAPV3";"Big Cap";"Novo Mercado";"100% para ações ON";"Saúde";"Serv.Méd.Hospit..Análises e Diagnósticos";"Serv.Méd.Hospit..Análises e Diagnósticos";"HAPV3.SA"
187;NA;"HELBOR";"HBOR3";"Micro Cap";"Novo Mercado";"100% para ações ON";"Consumo Cíclico";"Construção Civil";"Incorporações";"HBOR3.SA"
188;NA;"HBR REALTY";"HBRE3";"Small Cap";"Novo Mercado";"100% para ações ON";"Financeiro";"Exploração de Imóveis";"Exploração de Imóveis";"HBRE3.SA"
189;NA;"HIDROVIAS";"HBSA3";"Small Cap";"Novo Mercado";"100% para ações ON";"Bens Industriais";"Transporte";"Transporte Hidroviário";"HBSA3.SA"
190;NA;"HABITASUL";"HBTS3";"Nano Cap";"Balcão Org. Tradicional";"80% para ações ON";"Financeiro";"Exploração de Imóveis";"Exploração de Imóveis";"HBTS3.SA"
190;NA;"HABITASUL";"HBTS5";"Nano Cap";"Balcão Org. Tradicional";"80% para ações ON";"Financeiro";"Exploração de Imóveis";"Exploração de Imóveis";"HBTS5.SA"
190;NA;"HABITASUL";"HBTS6";"Nano Cap";"Balcão Org. Tradicional";"80% para ações ON";"Financeiro";"Exploração de Imóveis";"Exploração de Imóveis";"HBTS6.SA"
191;NA;"BR HOME";"HCBR3";"-";"Bovespa Mais";"100% para ações ON";"Consumo Cíclico";"Comércio";"Produtos Diversos";"HCBR3.SA"
192;NA;"HERCULES";"HETA3";"Nano Cap";"Balcão Org. Tradicional";"80% para ações ON";"Consumo Cíclico";"Utilidades Domésticas";"Utensílios Domésticos";"HETA3.SA"
192;NA;"HERCULES";"HETA4";"Nano Cap";"Balcão Org. Tradicional";"80% para ações ON";"Consumo Cíclico";"Utilidades Domésticas";"Utensílios Domésticos";"HETA4.SA"
193;NA;"HOTEIS OTHON";"HOOT3";"Nano Cap";"Balcão Org. Tradicional";"80% para ações ON";"Consumo Cíclico";"Hoteis e Restaurantes";"Hotelaria";"HOOT3.SA"
193;NA;"HOTEIS OTHON";"HOOT4";"Nano Cap";"Balcão Org. Tradicional";"80% para ações ON";"Consumo Cíclico";"Hoteis e Restaurantes";"Hotelaria";"HOOT4.SA"
194;NA;"HYPERA";"HYPE3";"Mid Cap";"Novo Mercado";"100% para ações ON";"Saúde";"Comércio e Distribuição";"Medicamentos e Outros Produtos";"HYPE3.SA"
195;NA;"INFRACOMM";"IFCM3";"Small Cap";"Novo Mercado";"100% para ações ON";"Tecnologia da Informação";"Programas e Serviços";"Programas e Serviços";"IFCM3.SA"
196;NA;"IGB S/A";"IGBR3";"Nano Cap";"Balcão Org. Tradicional";"80% para ações ON";"Financeiro";"Exploração de Imóveis";"Exploração de Imóveis";"IGBR3.SA"
197;NA;"IGUA SA";"IGSN3";"-";"Bovespa Mais";"100% para ações ON";"Utilidade Pública";"Água e Saneamento";"Água e Saneamento";"IGSN3.SA"
198;NA;"IGUATEMI";"IGTA3";"Mid Cap";"Novo Mercado";"100% para ações ON";"Financeiro";"Exploração de Imóveis";"Exploração de Imóveis";"IGTA3.SA"
199;NA;"INEPAR";"INEP3";"Micro Cap";"Balcão Org. Tradicional";"80% para ações ON";"Bens Industriais";"Máquinas e Equipamentos";"Máq. e Equip. Industriais";"INEP3.SA"
199;NA;"INEPAR";"INEP4";"Micro Cap";"Balcão Org. Tradicional";"80% para ações ON";"Bens Industriais";"Máquinas e Equipamentos";"Máq. e Equip. Industriais";"INEP4.SA"
200;NA;"INTER SA";"INNT3";"-";"Bovespa Mais";"100% para ações ON";"Consumo Cíclico";"Construção Civil";"Incorporações";"INNT3.SA"
201;NA;"INTELBRAS";"INTB3";"Mid Cap";"Novo Mercado";"100% para ações ON";"Tecnologia da Informação";"Computadores e Equipamentos";"Computadores e Equipamentos";"INTB3.SA"
202;NA;"IRBBRASIL RE";"IRBR3";"Mid Cap";"Novo Mercado";"100% para ações ON";"Financeiro";"Previdência e Seguros";"Seguradoras";"IRBR3.SA"
203;NA;"ITAUTEC";"ITEC3";"Micro Cap";"Balcão Org. Tradicional";"80% para ações ON";"Tecnologia da Informação";"Computadores e Equipamentos";"Computadores e Equipamentos";"ITEC3.SA"
204;NA;"ITAUSA";"ITSA3";"Big Cap";"Nível 1 de Governança Corporativa";"80% para ações ON";"Financeiro";"Intermediários Financeiros";"Bancos";"ITSA3.SA"
204;NA;"ITAUSA";"ITSA4";"Big Cap";"Nível 1 de Governança Corporativa";"80% para ações ON";"Financeiro";"Intermediários Financeiros";"Bancos";"ITSA4.SA"
205;NA;"ITAUUNIBANCO";"ITUB3";"Mega Cap";"Nível 1 de Governança Corporativa";"80% para ações ON";"Financeiro";"Intermediários Financeiros";"Bancos";"ITUB3.SA"
205;NA;"ITAUUNIBANCO";"ITUB4";"Mega Cap";"Nível 1 de Governança Corporativa";"80% para ações ON";"Financeiro";"Intermediários Financeiros";"Bancos";"ITUB4.SA"
206;NA;"JALLESMACHAD";"JALL3";"Small Cap";"Novo Mercado";"100% para ações ON";"Consumo não Cíclico";"Alimentos Processados";"Açucar e Alcool";"JALL3.SA"
207;NA;"B TECH EQI";"JBDU3";"Nano Cap";"Balcão Org. Tradicional";"80% para ações ON";"Outros";"Outros";"Outros";"JBDU3.SA"
207;NA;"B TECH EQI";"JBDU4";"Nano Cap";"Balcão Org. Tradicional";"80% para ações ON";"Outros";"Outros";"Outros";"JBDU4.SA"
208;NA;"JBS";"JBSS3";"Big Cap";"Novo Mercado";"100% para ações ON";"Consumo não Cíclico";"Alimentos Processados";"Carnes e Derivados";"JBSS3.SA"
209;NA;"JOAO FORTES";"JFEN3";"Nano Cap";"Balcão Org. Tradicional";"80% para ações ON";"Consumo Cíclico";"Construção Civil";"Incorporações";"JFEN3.SA"
210;NA;"JHSF PART";"JHSF3";"Small Cap";"Novo Mercado";"100% para ações ON";"Consumo Cíclico";"Construção Civil";"Incorporações";"JHSF3.SA"
211;NA;"JOSAPAR";"JOPA3";"Micro Cap";"Balcão Org. Tradicional";"80% para ações ON";"Consumo não Cíclico";"Alimentos Processados";"Alimentos Diversos";"JOPA3.SA"
211;NA;"JOSAPAR";"JOPA4";"Micro Cap";"Balcão Org. Tradicional";"80% para ações ON";"Consumo não Cíclico";"Alimentos Processados";"Alimentos Diversos";"JOPA4.SA"
212;NA;"JEREISSATI";"JPSA3";"Small Cap";"Balcão Org. Tradicional";"80% para ações ON";"Financeiro";"Exploração de Imóveis";"Exploração de Imóveis";"JPSA3.SA"
213;NA;"KEPLER WEBER";"KEPL3";"Small Cap";"Balcão Org. Tradicional";"80% para ações ON";"Bens Industriais";"Máquinas e Equipamentos";"Máq. e Equip. Industriais";"KEPL3.SA"
214;NA;"KALLAS";"KLAS3";"-";"Balcão Org. Tradicional";"80% para ações ON";"Consumo Cíclico";"Construção Civil";"Incorporações";"KLAS3.SA"
215;NA;"KLABIN S/A";"KLBN11";"Big Cap";"Nível 2 de Governança Corporativa";"100% para ações ON e PN";"Materiais Básicos";"Madeira e Papel";"Papel e Celulose";"KLBN11.SA"
215;NA;"KLABIN S/A";"KLBN3";"Big Cap";"Nível 2 de Governança Corporativa";"100% para ações ON e PN";"Materiais Básicos";"Madeira e Papel";"Papel e Celulose";"KLBN3.SA"
215;NA;"KLABIN S/A";"KLBN4";"Big Cap";"Nível 2 de Governança Corporativa";"100% para ações ON e PN";"Materiais Básicos";"Madeira e Papel";"Papel e Celulose";"KLBN4.SA"
216;NA;"LOJAS AMERIC";"LAME3";"Mid Cap";"Nível 1 de Governança Corporativa";"80% para ações ON";"Consumo Cíclico";"Comércio";"Produtos Diversos";"LAME3.SA"
216;NA;"LOJAS AMERIC";"LAME4";"Mid Cap";"Nível 1 de Governança Corporativa";"80% para ações ON";"Consumo Cíclico";"Comércio";"Produtos Diversos";"LAME4.SA"
217;NA;"TERRASANTAPA";"LAND3";"Small Cap";"Novo Mercado";"100% para ações ON";"Consumo não Cíclico";"Agropecuária";"Agricultura";"LAND3.SA"
218;NA;"LAVVI";"LAVV3";"Small Cap";"Novo Mercado";"100% para ações ON";"Consumo Cíclico";"Construção Civil";"Incorporações";"LAVV3.SA"
219;NA;"LOCAMERICA";"LCAM3";"Mid Cap";"Novo Mercado";"100% para ações ON";"Consumo Cíclico";"Diversos";"Aluguel de Carros";"LCAM3.SA"
220;NA;"METAL LEVE";"LEVE3";"Small Cap";"Novo Mercado";"100% para ações ON";"Consumo Cíclico";"Automóveis e Motocicletas";"Automóveis e Motocicletas";"LEVE3.SA"
221;NA;"LOJAS HERING";"LHER3";"Nano Cap";"Balcão Org. Tradicional";"80% para ações ON";"Financeiro e Outros";"Exploração de Imóveis";"Exploração de Imóveis";"LHER3.SA"
221;NA;"LOJAS HERING";"LHER4";"Nano Cap";"Balcão Org. Tradicional";"80% para ações ON";"Financeiro e Outros";"Exploração de Imóveis";"Exploração de Imóveis";"LHER4.SA"
222;NA;"LIGHT S/A";"LIGT3";"Small Cap";"Novo Mercado";"100% para ações ON";"Utilidade Pública";"Energia Elétrica";"Energia Elétrica";"LIGT3.SA"
223;NA;"ELETROPAR";"LIPR3";"Micro Cap";"Balcão Org. Tradicional";"80% para ações ON";"Utilidade Pública";"Energia Elétrica";"Energia Elétrica";"LIPR3.SA"
224;NA;"QUERO-QUERO";"LJQQ3";"Small Cap";"Novo Mercado";"100% para ações ON";"Consumo Cíclico";"Comércio";"Produtos Diversos";"LJQQ3.SA"
225;NA;"LIFEMED";"LMED3";"-";"Bovespa Mais";"100% para ações ON";"Saúde";"Equipamentos";"Equipamentos";"LMED3.SA"
226;NA;"LOG COM PROP";"LOGG3";"Small Cap";"Novo Mercado";"100% para ações ON";"Financeiro";"Exploração de Imóveis";"Exploração de Imóveis";"LOGG3.SA"
227;NA;"LOG-IN";"LOGN3";"Small Cap";"Novo Mercado";"100% para ações ON";"Bens Industriais";"Transporte";"Transporte Hidroviário";"LOGN3.SA"
228;NA;"LOPES BRASIL";"LPSB3";"Micro Cap";"Novo Mercado";"100% para ações ON";"Financeiro";"Exploração de Imóveis";"Intermediação Imobiliária";"LPSB3.SA"
229;NA;"LOJAS RENNER";"LREN3";"Big Cap";"Novo Mercado";"100% para ações ON";"Consumo Cíclico";"Comércio";"Tecidos. Vestuário e Calçados";"LREN3.SA"
230;NA;"LUPATECH";"LUPA3";"Micro Cap";"Novo Mercado";"100% para ações ON";"Petróleo. Gás e Biocombustíveis";"Petróleo. Gás e Biocombustíveis";"Equipamentos e Serviços";"LUPA3.SA"
231;NA;"TREVISA";"LUXM3";"Micro Cap";"Balcão Org. Tradicional";"80% para ações ON";"Bens Industriais";"Transporte";"Transporte Hidroviário";"LUXM3.SA"
231;NA;"TREVISA";"LUXM4";"Micro Cap";"Balcão Org. Tradicional";"80% para ações ON";"Bens Industriais";"Transporte";"Transporte Hidroviário";"LUXM4.SA"
232;NA;"WDC NETWORKS";"LVTC3";"Small Cap";"Novo Mercado";"100% para ações ON";"Tecnologia da Informação";"Programas e Serviços";"Programas e Serviços";"LVTC3.SA"
233;NA;"LOCAWEB";"LWSA3";"Mid Cap";"Novo Mercado";"100% para ações ON";"Tecnologia da Informação";"Programas e Serviços";"Programas e Serviços";"LWSA3.SA"
234;NA;"CEMEPE";"MAPT3";"Nano Cap";"Balcão Org. Tradicional";"80% para ações ON";"Outros";"Outros";"Outros";"MAPT3.SA"
234;NA;"CEMEPE";"MAPT4";"Nano Cap";"Balcão Org. Tradicional";"80% para ações ON";"Outros";"Outros";"Outros";"MAPT4.SA"
235;NA;"MATER DEI";"MATD3";"Mid Cap";"Novo Mercado";"100% para ações ON";"Saúde";"Serv.Méd.Hospit..Análises e Diagnósticos";"Serv.Méd.Hospit..Análises e Diagnósticos";"MATD3.SA"
236;NA;"MOBLY";"MBLY3";"Micro Cap";"Novo Mercado";"100% para ações ON";"Tecnologia da Informação";"Programas e Serviços";"Programas e Serviços";"MBLY3.SA"
237;NA;"M.DIASBRANCO";"MDIA3";"Mid Cap";"Novo Mercado";"100% para ações ON";"Consumo não Cíclico";"Alimentos Processados";"Alimentos Diversos";"MDIA3.SA"
238;NA;"MOURA DUBEUX";"MDNE3";"Micro Cap";"Novo Mercado";"100% para ações ON";"Consumo Cíclico";"Construção Civil";"Incorporações";"MDNE3.SA"
239;NA;"IMC S/A";"MEAL3";"Micro Cap";"Novo Mercado";"100% para ações ON";"Consumo Cíclico";"Hoteis e Restaurantes";"Restaurante e Similares";"MEAL3.SA"
240;NA;"MELNICK";"MELK3";"Micro Cap";"Novo Mercado";"100% para ações ON";"Consumo Cíclico";"Construção Civil";"Incorporações";"MELK3.SA"
241;NA;"MERC FINANC";"MERC3";"Micro Cap";"Balcão Org. Tradicional";"80% para ações ON";"Financeiro";"Intermediários Financeiros";"Soc. Crédito e Financiamento";"MERC3.SA"
241;NA;"MERC FINANC";"MERC4";"Micro Cap";"Balcão Org. Tradicional";"80% para ações ON";"Financeiro";"Intermediários Financeiros";"Soc. Crédito e Financiamento";"MERC4.SA"
242;NA;"MANGELS INDL";"MGEL3";"Nano Cap";"Balcão Org. Tradicional";"80% para ações ON";"Materiais Básicos";"Siderurgia e Metalurgia";"Artefatos de Ferro e Aço";"MGEL3.SA"
242;NA;"MANGELS INDL";"MGEL4";"Nano Cap";"Balcão Org. Tradicional";"80% para ações ON";"Materiais Básicos";"Siderurgia e Metalurgia";"Artefatos de Ferro e Aço";"MGEL4.SA"
243;NA;"MAGAZ LUIZA";"MGLU3";"Big Cap";"Novo Mercado";"100% para ações ON";"Consumo Cíclico";"Comércio";"Eletrodomésticos";"MGLU3.SA"
244;NA;"MILLS";"MILS3";"Small Cap";"Novo Mercado";"100% para ações ON";"Bens Industriais";"Construção e Engenharia";"Serviços Diversos";"MILS3.SA"
245;NA;"MULTILASER";"MLAS3";"Mid Cap";"Novo Mercado";"100% para ações ON";"Tecnologia da Informação";"Computadores e Equipamentos";"Computadores e Equipamentos";"MLAS3.SA"
246;NA;"MINASMAQUINA";"MMAQ3";"Nano Cap";"Balcão Org. Tradicional";"80% para ações ON";"Bens Industriais";"Comércio";"Material de Transporte";"MMAQ3.SA"
246;NA;"MINASMAQUINA";"MMAQ4";"Nano Cap";"Balcão Org. Tradicional";"80% para ações ON";"Bens Industriais";"Comércio";"Material de Transporte";"MMAQ4.SA"
247;NA;"MMX MINER";"MMXM3";"Nano Cap";"Novo Mercado";"100% para ações ON";"Materiais Básicos";"Mineração";"Minerais Metálicos";"MMXM3.SA"
248;NA;"MUNDIAL";"MNDL3";"Nano Cap";"Balcão Org. Tradicional";"80% para ações ON";"Consumo Cíclico";"Tecidos. Vestuário e Calçados";"Acessórios";"MNDL3.SA"
249;NA;"MINUPAR";"MNPR3";"Nano Cap";"Balcão Org. Tradicional";"80% para ações ON";"Consumo não Cíclico";"Alimentos Processados";"Carnes e Derivados";"MNPR3.SA"
250;NA;"MONT ARANHA";"MOAR3";"Mid Cap";"Balcão Org. Tradicional";"80% para ações ON";"Financeiro";"Holdings Diversificadas";"Holdings Diversificadas";"MOAR3.SA"
251;NA;"MODALMAIS";"MODL11";"Small Cap";"Nível 2 de Governança Corporativa";"100% para ações ON e PN";"Financeiro";"Intermediários Financeiros";"Bancos";"MODL11.SA"
251;NA;"MODALMAIS";"MODL3";"Small Cap";"Nível 2 de Governança Corporativa";"100% para ações ON e PN";"Financeiro";"Intermediários Financeiros";"Bancos";"MODL3.SA"
251;NA;"MODALMAIS";"MODL4";"Small Cap";"Nível 2 de Governança Corporativa";"100% para ações ON e PN";"Financeiro";"Intermediários Financeiros";"Bancos";"MODL4.SA"
252;NA;"MOSAICO";"MOSI3";"Small Cap";"Novo Mercado";"100% para ações ON";"Tecnologia da Informação";"Programas e Serviços";"Programas e Serviços";"MOSI3.SA"
253;NA;"MOVIDA";"MOVI3";"Mid Cap";"Novo Mercado";"100% para ações ON";"Consumo Cíclico";"Diversos";"Aluguel de Carros";"MOVI3.SA"
254;NA;"MULTIPLUS";"MPLU3";"Small Cap";"Novo Mercado";"100% para ações ON";"Consumo Cíclico";"Diversos";"Programas de Fidelização";"MPLU3.SA"
255;NA;"MARFRIG";"MRFG3";"Mid Cap";"Novo Mercado";"100% para ações ON";"Consumo não Cíclico";"Alimentos Processados";"Carnes e Derivados";"MRFG3.SA"
256;NA;"MRV";"MRVE3";"Mid Cap";"Novo Mercado";"100% para ações ON";"Consumo Cíclico";"Construção Civil";"Incorporações";"MRVE3.SA"
257;NA;"MELHOR SP";"MSPA3";"Micro Cap";"Balcão Org. Tradicional";"80% para ações ON";"Materiais Básicos";"Madeira e Papel";"Papel e Celulose";"MSPA3.SA"
257;NA;"MELHOR SP";"MSPA4";"Micro Cap";"Balcão Org. Tradicional";"80% para ações ON";"Materiais Básicos";"Madeira e Papel";"Papel e Celulose";"MSPA4.SA"
258;NA;"MAESTROLOC";"MSRO3";"-";"Bovespa Mais";"100% para ações ON";"Consumo Cíclico";"Diversos";"Aluguel de Carros";"MSRO3.SA"
259;NA;"METAL IGUACU";"MTIG3";"Nano Cap";"Balcão Org. Tradicional";"80% para ações ON";"Materiais Básicos";"Embalagens";"Embalagens";"MTIG3.SA"
259;NA;"METAL IGUACU";"MTIG4";"Nano Cap";"Balcão Org. Tradicional";"80% para ações ON";"Materiais Básicos";"Embalagens";"Embalagens";"MTIG4.SA"
260;NA;"MITRE REALTY";"MTRE3";"Micro Cap";"Novo Mercado";"100% para ações ON";"Consumo Cíclico";"Construção Civil";"Incorporações";"MTRE3.SA"
261;NA;"METISA";"MTSA3";"Micro Cap";"Balcão Org. Tradicional";"80% para ações ON";"Bens Industriais";"Máquinas e Equipamentos";"Máq. e Equip. Construção e Agrícolas";"MTSA3.SA"
261;NA;"METISA";"MTSA4";"Micro Cap";"Balcão Org. Tradicional";"80% para ações ON";"Bens Industriais";"Máquinas e Equipamentos";"Máq. e Equip. Construção e Agrícolas";"MTSA4.SA"
262;NA;"MULTIPLAN";"MULT3";"Mid Cap";"Nível 2 de Governança Corporativa";"100% para ações ON e PN";"Financeiro";"Exploração de Imóveis";"Exploração de Imóveis";"MULT3.SA"
263;NA;"WETZEL S/A";"MWET3";"Nano Cap";"Balcão Org. Tradicional";"80% para ações ON";"Bens Industriais";"Material de Transporte";"Material Rodoviário";"MWET3.SA"
263;NA;"WETZEL S/A";"MWET4";"Nano Cap";"Balcão Org. Tradicional";"80% para ações ON";"Bens Industriais";"Material de Transporte";"Material Rodoviário";"MWET4.SA"
264;NA;"IOCHP-MAXION";"MYPK3";"Small Cap";"Novo Mercado";"100% para ações ON";"Consumo Cíclico";"Automóveis e Motocicletas";"Automóveis e Motocicletas";"MYPK3.SA"
265;NA;"NADIR FIGUEI";"NAFG3";"Micro Cap";"Balcão Org. Tradicional";"80% para ações ON";"Consumo Cíclico";"Utilidades Domésticas";"Utensílios Domésticos";"NAFG3.SA"
265;NA;"NADIR FIGUEI";"NAFG4";"Micro Cap";"Balcão Org. Tradicional";"80% para ações ON";"Consumo Cíclico";"Utilidades Domésticas";"Utensílios Domésticos";"NAFG4.SA"
266;NA;"SUZANO HOLD";"NEMO3";"-";"Balcão Org. Tradicional";"80% para ações ON";"Materiais Básicos";"Madeira e Papel";"Papel e Celulose";"NEMO3.SA"
266;NA;"SUZANO HOLD";"NEMO5";"-";"Balcão Org. Tradicional";"80% para ações ON";"Materiais Básicos";"Madeira e Papel";"Papel e Celulose";"NEMO5.SA"
266;NA;"SUZANO HOLD";"NEMO6";"-";"Balcão Org. Tradicional";"80% para ações ON";"Materiais Básicos";"Madeira e Papel";"Papel e Celulose";"NEMO6.SA"
267;NA;"NEOENERGIA";"NEOE3";"Mid Cap";"Novo Mercado";"100% para ações ON";"Utilidade Pública";"Energia Elétrica";"Energia Elétrica";"NEOE3.SA"
268;NA;"NEOGRID";"NGRD3";"Micro Cap";"Novo Mercado";"100% para ações ON";"Tecnologia da Informação";"Programas e Serviços";"Programas e Serviços";"NGRD3.SA"
269;NA;"GETNINJAS";"NINJ3";"Micro Cap";"Novo Mercado";"100% para ações ON";"Tecnologia da Informação";"Programas e Serviços";"Programas e Serviços";"NINJ3.SA"
270;NA;"NORDON MET";"NORD3";"Nano Cap";"Balcão Org. Tradicional";"80% para ações ON";"Bens Industriais";"Máquinas e Equipamentos";"Máq. e Equip. Industriais";"NORD3.SA"
271;NA;"NORTCQUIMICA";"NRTQ3";"-";"Bovespa Mais";"100% para ações ON";"Saúde";"Medicamentos e Outros Produtos";"Medicamentos e Outros Produtos";"NRTQ3.SA"
272;NA;"GRUPO NATURA";"NTCO3";"Big Cap";"Novo Mercado";"100% para ações ON";"Consumo não Cíclico";"Produtos de Uso Pessoal e de Limpeza";"Produtos de Uso Pessoal";"NTCO3.SA"
273;NA;"ODERICH";"ODER3";"Micro Cap";"Balcão Org. Tradicional";"80% para ações ON";"Consumo não Cíclico";"Alimentos Processados";"Alimentos Diversos";"ODER3.SA"
273;NA;"ODERICH";"ODER4";"Micro Cap";"Balcão Org. Tradicional";"80% para ações ON";"Consumo não Cíclico";"Alimentos Processados";"Alimentos Diversos";"ODER4.SA"
274;NA;"ODONTOPREV";"ODPV3";"Mid Cap";"Novo Mercado";"100% para ações ON";"Saúde";"Serv.Méd.Hospit..Análises e Diagnósticos";"Serv.Méd.Hospit..Análises e Diagnósticos";"ODPV3.SA"
275;NA;"OUROFINO S/A";"OFSA3";"Small Cap";"Novo Mercado";"100% para ações ON";"Saúde";"Medicamentos e Outros Produtos";"Medicamentos e Outros Produtos";"OFSA3.SA"
276;NA;"OI";"OIBR3";"Mid Cap";"Nível 1 de Governança Corporativa";"80% para ações ON";"Comunicações";"Telecomunicações";"Telecomunicações";"OIBR3.SA"
276;NA;"OI";"OIBR4";"Mid Cap";"Nível 1 de Governança Corporativa";"80% para ações ON";"Comunicações";"Telecomunicações";"Telecomunicações";"OIBR4.SA"
277;NA;"OMEGA GER";"OMGE3";"Mid Cap";"Novo Mercado";"100% para ações ON";"Utilidade Pública";"Energia Elétrica";"Energia Elétrica";"OMGE3.SA"
278;NA;"OCEANPACT";"OPCT3";"Micro Cap";"Novo Mercado";"100% para ações ON";"Petróleo. Gás e Biocombustíveis";"Petróleo. Gás e Biocombustíveis";"Equipamentos e Serviços";"OPCT3.SA"
279;NA;"ORIZON";"ORVR3";"Small Cap";"Novo Mercado";"100% para ações ON";"Utilidade Pública";"Água e Saneamento";"Água e Saneamento";"ORVR3.SA"
280;NA;"OSX BRASIL";"OSXB3";"Nano Cap";"Novo Mercado";"100% para ações ON";"Petróleo. Gás e Biocombustíveis";"Petróleo. Gás e Biocombustíveis";"Equipamentos e Serviços";"OSXB3.SA"
281;NA;"PACIFIC RDSL";"PACF3";"-";"Balcão Org. Tradicional";"80% para ações ON";"Saúde";"Serv.Méd.Hospit..Análises e Diagnósticos";"Serv.Méd.Hospit..Análises e Diagnósticos";"PACF3.SA"
282;NA;"IHPARDINI";"PARD3";"Small Cap";"Novo Mercado";"100% para ações ON";"Saúde";"Serv.Méd.Hospit..Análises e Diagnósticos";"Serv.Méd.Hospit..Análises e Diagnósticos";"PARD3.SA"
283;NA;"PANATLANTICA";"PATI3";"Small Cap";"Balcão Org. Tradicional";"80% para ações ON";"Materiais Básicos";"Siderurgia e Metalurgia";"Artefatos de Ferro e Aço";"PATI3.SA"
283;NA;"PANATLANTICA";"PATI4";"Small Cap";"Balcão Org. Tradicional";"80% para ações ON";"Materiais Básicos";"Siderurgia e Metalurgia";"Artefatos de Ferro e Aço";"PATI4.SA"
284;NA;"P.ACUCAR-CBD";"PCAR3";"Mid Cap";"Novo Mercado";"100% para ações ON";"Consumo não Cíclico";"Comércio e Distribuição";"Alimentos";"PCAR3.SA"
285;NA;"PDG REALT";"PDGR3";"Nano Cap";"Novo Mercado";"100% para ações ON";"Consumo Cíclico";"Construção Civil";"Incorporações";"PDGR3.SA"
286;NA;"PADTEC";"PDTC3";"Micro Cap";"Novo Mercado";"100% para ações ON";"Financeiro";"Serviços Financeiros Diversos";"Serviços Financeiros Diversos";"PDTC3.SA"
287;NA;"PAR AL BAHIA";"PEAB3";"Small Cap";"Balcão Org. Tradicional";"80% para ações ON";"Financeiro";"Holdings Diversificadas";"Holdings Diversificadas";"PEAB3.SA"
287;NA;"PAR AL BAHIA";"PEAB4";"Small Cap";"Balcão Org. Tradicional";"80% para ações ON";"Financeiro";"Holdings Diversificadas";"Holdings Diversificadas";"PEAB4.SA"
288;NA;"PETROBRAS";"PETR3";"Mega Cap";"Nível 2 de Governança Corporativa";"100% para ações ON e PN";"Petróleo. Gás e Biocombustíveis";"Petróleo. Gás e Biocombustíveis";"Exploração. Refino e Distribuição";"PETR3.SA"
288;NA;"PETROBRAS";"PETR4";"Mega Cap";"Nível 2 de Governança Corporativa";"100% para ações ON e PN";"Petróleo. Gás e Biocombustíveis";"Petróleo. Gás e Biocombustíveis";"Exploração. Refino e Distribuição";"PETR4.SA"
289;NA;"PETZ";"PETZ3";"Mid Cap";"Novo Mercado";"100% para ações ON";"Consumo Cíclico";"Comércio";"Produtos Diversos";"PETZ3.SA"
290;NA;"PROFARMA";"PFRM3";"Micro Cap";"Novo Mercado";"100% para ações ON";"Saúde";"Comércio e Distribuição";"Medicamentos e Outros Produtos";"PFRM3.SA"
291;NA;"PAGUE MENOS";"PGMN3";"Small Cap";"Novo Mercado";"100% para ações ON";"Saúde";"Comércio e Distribuição";"Medicamentos e Outros Produtos";"PGMN3.SA"
292;NA;"PINE";"PINE3";"Nano Cap";"Nível 2 de Governança Corporativa";"100% para ações ON e PN";"Financeiro";"Intermediários Financeiros";"Bancos";"PINE3.SA"
292;NA;"PINE";"PINE4";"Nano Cap";"Nível 2 de Governança Corporativa";"100% para ações ON e PN";"Financeiro";"Intermediários Financeiros";"Bancos";"PINE4.SA"
293;NA;"PLASCAR PART";"PLAS3";"Nano Cap";"Balcão Org. Tradicional";"80% para ações ON";"Consumo Cíclico";"Automóveis e Motocicletas";"Automóveis e Motocicletas";"PLAS3.SA"
294;NA;"PLANOEPLANO";"PLPL3";"Micro Cap";"Novo Mercado";"100% para ações ON";"Consumo Cíclico";"Construção Civil";"Incorporações";"PLPL3.SA"
295;NA;"PARANAPANEMA";"PMAM3";"Micro Cap";"Novo Mercado";"100% para ações ON";"Materiais Básicos";"Siderurgia e Metalurgia";"Artefatos de Cobre";"PMAM3.SA"
296;NA;"DIMED";"PNVL3";"Small Cap";"Novo Mercado";"100% para ações ON";"Saúde";"Comércio e Distribuição";"Medicamentos e Outros Produtos";"PNVL3.SA"
296;NA;"DIMED";"PNVL4";"Small Cap";"Novo Mercado";"100% para ações ON";"Saúde";"Comércio e Distribuição";"Medicamentos e Outros Produtos";"PNVL4.SA"
297;NA;"MARCOPOLO";"POMO3";"Small Cap";"Nível 2 de Governança Corporativa";"100% para ações ON e PN";"Bens Industriais";"Material de Transporte";"Material Rodoviário";"POMO3.SA"
297;NA;"MARCOPOLO";"POMO4";"Small Cap";"Nível 2 de Governança Corporativa";"100% para ações ON e PN";"Bens Industriais";"Material de Transporte";"Material Rodoviário";"POMO4.SA"
298;NA;"POSITIVO TEC";"POSI3";"Small Cap";"Novo Mercado";"100% para ações ON";"Tecnologia da Informação";"Computadores e Equipamentos";"Computadores e Equipamentos";"POSI3.SA"
299;NA;"FOCUS ON";"POWE3";"Small Cap";"Novo Mercado";"100% para ações ON";"Utilidade Pública";"Energia Elétrica";"Energia Elétrica";"POWE3.SA"
300;NA;"POLPAR";"PPAR3";"Nano Cap";"Balcão Org. Tradicional";"80% para ações ON";"Outros";"Outros";"Outros";"PPAR3.SA"
301;NA;"PPLA";"PPLA11";"Nano Cap";"BDR Nível 3";"None";"Financeiro";"Serviços Financeiros Diversos";"Gestão de Recursos e Investimentos";"PPLA11.SA"
302;NA;"PETRORIO";"PRIO3";"Mid Cap";"Novo Mercado";"100% para ações ON";"Petróleo. Gás e Biocombustíveis";"Petróleo. Gás e Biocombustíveis";"Exploração. Refino e Distribuição";"PRIO3.SA"
303;NA;"PRINER";"PRNR3";"Micro Cap";"Novo Mercado";"100% para ações ON";"Bens Industriais";"Serviços";"Serviços Diversos";"PRNR3.SA"
304;NA;"PORTO SEGURO";"PSSA3";"Mid Cap";"Novo Mercado";"100% para ações ON";"Financeiro";"Previdência e Seguros";"Seguradoras";"PSSA3.SA"
305;NA;"PORTOBELLO";"PTBL3";"Small Cap";"Novo Mercado";"100% para ações ON";"Bens Industriais";"Construção e Engenharia";"Produtos para Construção";"PTBL3.SA"
306;NA;"PRATICA";"PTCA11";"-";"Bovespa Mais Nível 2";"100% para ações ON e PN";"Bens Industriais";"Máquinas e Equipamentos";"Máq. e Equip. Industriais";"PTCA11.SA"
306;NA;"PRATICA";"PTCA3";"-";"Bovespa Mais Nível 2";"100% para ações ON e PN";"Bens Industriais";"Máquinas e Equipamentos";"Máq. e Equip. Industriais";"PTCA3.SA"
307;NA;"PETTENATI";"PTNT3";"Micro Cap";"Balcão Org. Tradicional";"80% para ações ON";"Consumo Cíclico";"Tecidos. Vestuário e Calçados";"Fios e Tecidos";"PTNT3.SA"
307;NA;"PETTENATI";"PTNT4";"Micro Cap";"Balcão Org. Tradicional";"80% para ações ON";"Consumo Cíclico";"Tecidos. Vestuário e Calçados";"Fios e Tecidos";"PTNT4.SA"
308;NA;"QUALICORP";"QUAL3";"Mid Cap";"Novo Mercado";"100% para ações ON";"Saúde";"Serv.Méd.Hospit..Análises e Diagnósticos";"Serv.Méd.Hospit..Análises e Diagnósticos";"QUAL3.SA"
309;NA;"QUALITY SOFT";"QUSW3";"-";"Bovespa Mais";"100% para ações ON";"Tecnologia da Informação";"Programas e Serviços";"Programas e Serviços";"QUSW3.SA"
310;NA;"RAIADROGASIL";"RADL3";"Big Cap";"Novo Mercado";"100% para ações ON";"Saúde";"Comércio e Distribuição";"Medicamentos e Outros Produtos";"RADL3.SA"
311;NA;"RUMO S.A.";"RAIL3";"Big Cap";"Novo Mercado";"100% para ações ON";"Bens Industriais";"Transporte";"Transporte Ferroviário";"RAIL3.SA"
312;NA;"RAIZEN";"RAIZ4";"Mid Cap";"Nível 2 de Governança Corporativa";"100% para ações ON e PN";"Petróleo. Gás e Biocombustíveis";"Petróleo. Gás e Biocombustíveis";"Exploração. Refino e Distribuição";"RAIZ4.SA"
313;NA;"IRANI";"RANI3";"Small Cap";"Novo Mercado";"100% para ações ON";"Materiais Básicos";"Madeira e Papel";"Papel e Celulose";"RANI3.SA"
314;NA;"RANDON PART";"RAPT3";"Small Cap";"Nível 1 de Governança Corporativa";"80% para ações ON";"Bens Industriais";"Material de Transporte";"Material Rodoviário";"RAPT3.SA"
314;NA;"RANDON PART";"RAPT4";"Small Cap";"Nível 1 de Governança Corporativa";"80% para ações ON";"Bens Industriais";"Material de Transporte";"Material Rodoviário";"RAPT4.SA"
315;NA;"RODOBENS";"RBNS11";"-";"Balcão Org. Tradicional";"80% para ações ON";"Não Classificados";"Não Classificado";"Não Classificados";"RBNS11.SA"
316;NA;"RECRUSUL";"RCSL3";"Micro Cap";"Balcão Org. Tradicional";"80% para ações ON";"Bens Industriais";"Material de Transporte";"Material Rodoviário";"RCSL3.SA"
316;NA;"RECRUSUL";"RCSL4";"Micro Cap";"Balcão Org. Tradicional";"80% para ações ON";"Bens Industriais";"Material de Transporte";"Material Rodoviário";"RCSL4.SA"
317;NA;"RNI";"RDNI3";"Micro Cap";"Novo Mercado";"100% para ações ON";"Consumo Cíclico";"Construção Civil";"Incorporações";"RDNI3.SA"
318;NA;"REDE D OR";"RDOR3";"Big Cap";"Novo Mercado";"100% para ações ON";"Saúde";"Serv.Méd.Hospit..Análises e Diagnósticos";"Serv.Méd.Hospit..Análises e Diagnósticos";"RDOR3.SA"
319;NA;"PETRORECSA";"RECV3";"Small Cap";"Novo Mercado";"100% para ações ON";"Petróleo. Gás e Biocombustíveis";"Petróleo. Gás e Biocombustíveis";"Exploração. Refino e Distribuição";"RECV3.SA"
320;NA;"REDE ENERGIA";"REDE3";"Mid Cap";"Balcão Org. Tradicional";"80% para ações ON";"Utilidade Pública";"Energia Elétrica";"Energia Elétrica";"REDE3.SA"
321;NA;"LOCALIZA";"RENT3";"Big Cap";"Novo Mercado";"100% para ações ON";"Consumo Cíclico";"Diversos";"Aluguel de Carros";"RENT3.SA"
322;NA;"COSAN LOG";"RLOG3";"Mid Cap";"Novo Mercado";"100% para ações ON";"Bens Industriais";"Transporte";"Transporte Ferroviário";"RLOG3.SA"
323;NA;"RENOVA";"RNEW11";"Micro Cap";"Nível 2 de Governança Corporativa";"100% para ações ON e PN";"Utilidade Pública";"Energia Elétrica";"Energia Elétrica";"RNEW11.SA"
323;NA;"RENOVA";"RNEW3";"Micro Cap";"Nível 2 de Governança Corporativa";"100% para ações ON e PN";"Utilidade Pública";"Energia Elétrica";"Energia Elétrica";"RNEW3.SA"
323;NA;"RENOVA";"RNEW4";"Micro Cap";"Nível 2 de Governança Corporativa";"100% para ações ON e PN";"Utilidade Pública";"Energia Elétrica";"Energia Elétrica";"RNEW4.SA"
324;NA;"INDS ROMI";"ROMI3";"Small Cap";"Novo Mercado";"100% para ações ON";"Bens Industriais";"Máquinas e Equipamentos";"Máq. e Equip. Industriais";"ROMI3.SA"
325;NA;"ALFA HOLDING";"RPAD3";"Micro Cap";"Balcão Org. Tradicional";"80% para ações ON";"Financeiro";"Intermediários Financeiros";"Bancos";"RPAD3.SA"
325;NA;"ALFA HOLDING";"RPAD5";"Micro Cap";"Balcão Org. Tradicional";"80% para ações ON";"Financeiro";"Intermediários Financeiros";"Bancos";"RPAD5.SA"
325;NA;"ALFA HOLDING";"RPAD6";"Micro Cap";"Balcão Org. Tradicional";"80% para ações ON";"Financeiro";"Intermediários Financeiros";"Bancos";"RPAD6.SA"
326;NA;"PET MANGUINH";"RPMG3";"Micro Cap";"Balcão Org. Tradicional";"80% para ações ON";"Petróleo. Gás e Biocombustíveis";"Petróleo. Gás e Biocombustíveis";"Exploração. Refino e Distribuição";"RPMG3.SA"
327;NA;"3R PETROLEUM";"RRRP3";"Mid Cap";"Novo Mercado";"100% para ações ON";"Petróleo. Gás e Biocombustíveis";"Petróleo. Gás e Biocombustíveis";"Exploração. Refino e Distribuição";"RRRP3.SA"
328;NA;"ROSSI RESID";"RSID3";"Nano Cap";"Novo Mercado";"100% para ações ON";"Consumo Cíclico";"Construção Civil";"Incorporações";"RSID3.SA"
329;NA;"RIOSULENSE";"RSUL3";"Nano Cap";"Balcão Org. Tradicional";"80% para ações ON";"Bens Industriais";"Material de Transporte";"Material Rodoviário";"RSUL3.SA"
329;NA;"RIOSULENSE";"RSUL4";"Nano Cap";"Balcão Org. Tradicional";"80% para ações ON";"Bens Industriais";"Material de Transporte";"Material Rodoviário";"RSUL4.SA"
330;NA;"SANTANDER BR";"SANB11";"Mega Cap";"Balcão Org. Tradicional";"80% para ações ON";"Financeiro";"Intermediários Financeiros";"Bancos";"SANB11.SA"
330;NA;"SANTANDER BR";"SANB3";"Mega Cap";"Balcão Org. Tradicional";"80% para ações ON";"Financeiro";"Intermediários Financeiros";"Bancos";"SANB3.SA"
330;NA;"SANTANDER BR";"SANB4";"Mega Cap";"Balcão Org. Tradicional";"80% para ações ON";"Financeiro";"Intermediários Financeiros";"Bancos";"SANB4.SA"
331;NA;"SANEPAR";"SAPR11";"Mid Cap";"Nível 2 de Governança Corporativa";"100% para ações ON e PN";"Utilidade Pública";"Água e Saneamento";"Água e Saneamento";"SAPR11.SA"
331;NA;"SANEPAR";"SAPR3";"Mid Cap";"Nível 2 de Governança Corporativa";"100% para ações ON e PN";"Utilidade Pública";"Água e Saneamento";"Água e Saneamento";"SAPR3.SA"
331;NA;"SANEPAR";"SAPR4";"Mid Cap";"Nível 2 de Governança Corporativa";"100% para ações ON e PN";"Utilidade Pública";"Água e Saneamento";"Água e Saneamento";"SAPR4.SA"
332;NA;"GRUPO SBF";"SBFG3";"Mid Cap";"Novo Mercado";"100% para ações ON";"Consumo Cíclico";"Comércio";"Produtos Diversos";"SBFG3.SA"
333;NA;"SABESP";"SBSP3";"Mid Cap";"Novo Mercado";"100% para ações ON";"Utilidade Pública";"Água e Saneamento";"Água e Saneamento";"SBSP3.SA"
334;NA;"SAO CARLOS";"SCAR3";"Small Cap";"Novo Mercado";"100% para ações ON";"Financeiro";"Exploração de Imóveis";"Exploração de Imóveis";"SCAR3.SA"
335;NA;"SOMOS EDUCA";"SEDU3";"Mid Cap";"Novo Mercado";"100% para ações ON";"Consumo Cíclico";"Diversos";"Serviços Educacionais";"SEDU3.SA"
336;NA;"SER EDUCA";"SEER3";"Small Cap";"Novo Mercado";"100% para ações ON";"Consumo Cíclico";"Diversos";"Serviços Educacionais";"SEER3.SA"
337;NA;"SEQUOIA LOG";"SEQL3";"Small Cap";"Novo Mercado";"100% para ações ON";"Bens Industriais";"Serviços";"Serviços Diversos";"SEQL3.SA"
338;NA;"SPRINGS";"SGPS3";"Micro Cap";"Novo Mercado";"100% para ações ON";"Consumo Cíclico";"Tecidos. Vestuário e Calçados";"Fios e Tecidos";"SGPS3.SA"
339;NA;"TIME FOR FUN";"SHOW3";"Micro Cap";"Novo Mercado";"100% para ações ON";"Consumo Cíclico";"Viagens e Lazer";"Produção de Eventos e Shows";"SHOW3.SA"
340;NA;"SCHULZ";"SHUL3";"Mid Cap";"Balcão Org. Tradicional";"80% para ações ON";"Bens Industriais";"Máquinas e Equipamentos";"Motores . Compressores e Outros";"SHUL3.SA"
340;NA;"SCHULZ";"SHUL4";"Mid Cap";"Balcão Org. Tradicional";"80% para ações ON";"Bens Industriais";"Máquinas e Equipamentos";"Motores . Compressores e Outros";"SHUL4.SA"
341;NA;"SIMPAR";"SIMH3";"Mid Cap";"Novo Mercado";"100% para ações ON";"Financeiro";"Holdings Diversificadas";"Holdings Diversificadas";"SIMH3.SA"
342;NA;"SLC AGRICOLA";"SLCE3";"Mid Cap";"Novo Mercado";"100% para ações ON";"Consumo não Cíclico";"Agropecuária";"Agricultura";"SLCE3.SA"
343;NA;"SARAIVA LIVR";"SLED3";"Nano Cap";"Nível 2 de Governança Corporativa";"100% para ações ON e PN";"Consumo Cíclico";"Comércio";"Produtos Diversos";"SLED3.SA"
343;NA;"SARAIVA LIVR";"SLED4";"Nano Cap";"Nível 2 de Governança Corporativa";"100% para ações ON e PN";"Consumo Cíclico";"Comércio";"Produtos Diversos";"SLED4.SA"
344;NA;"SMART FIT";"SMFT3";"Mid Cap";"Novo Mercado";"100% para ações ON";"Consumo Cíclico";"Viagens e Lazer";"Atividades Esportivas";"SMFT3.SA"
345;NA;"SAO MARTINHO";"SMTO3";"Mid Cap";"Novo Mercado";"100% para ações ON";"Consumo não Cíclico";"Alimentos Processados";"Açucar e Alcool";"SMTO3.SA"
346;NA;"SANSUY";"SNSY3";"Nano Cap";"Balcão Org. Tradicional";"80% para ações ON";"Materiais Básicos";"Materiais Diversos";"Materiais Diversos";"SNSY3.SA"
346;NA;"SANSUY";"SNSY5";"Nano Cap";"Balcão Org. Tradicional";"80% para ações ON";"Materiais Básicos";"Materiais Diversos";"Materiais Diversos";"SNSY5.SA"
346;NA;"SANSUY";"SNSY6";"Nano Cap";"Balcão Org. Tradicional";"80% para ações ON";"Materiais Básicos";"Materiais Diversos";"Materiais Diversos";"SNSY6.SA"
347;NA;"BOA SAFRA";"SOJA3";"Small Cap";"Novo Mercado";"100% para ações ON";"Consumo não Cíclico";"Agropecuária";"Agricultura";"SOJA3.SA"
348;NA;"GRUPO SOMA";"SOMA3";"Mid Cap";"Novo Mercado";"100% para ações ON";"Consumo Cíclico";"Comércio";"Tecidos. Vestuário e Calçados";"SOMA3.SA"
349;NA;"SONDOTECNICA";"SOND3";"Nano Cap";"Balcão Org. Tradicional";"80% para ações ON";"Bens Industriais";"Construção e Engenharia";"Engenharia Consultiva";"SOND3.SA"
349;NA;"SONDOTECNICA";"SOND5";"Nano Cap";"Balcão Org. Tradicional";"80% para ações ON";"Bens Industriais";"Construção e Engenharia";"Engenharia Consultiva";"SOND5.SA"
349;NA;"SONDOTECNICA";"SOND6";"Nano Cap";"Balcão Org. Tradicional";"80% para ações ON";"Bens Industriais";"Construção e Engenharia";"Engenharia Consultiva";"SOND6.SA"
350;NA;"SPRINGER";"SPRI3";"Nano Cap";"Balcão Org. Tradicional";"80% para ações ON";"Financeiro e Outros";"Holdings Diversificadas";"Holdings Diversificadas";"SPRI3.SA"
350;NA;"SPRINGER";"SPRI5";"Nano Cap";"Balcão Org. Tradicional";"80% para ações ON";"Financeiro e Outros";"Holdings Diversificadas";"Holdings Diversificadas";"SPRI5.SA"
350;NA;"SPRINGER";"SPRI6";"Nano Cap";"Balcão Org. Tradicional";"80% para ações ON";"Financeiro e Outros";"Holdings Diversificadas";"Holdings Diversificadas";"SPRI6.SA"
351;NA;"SINQIA";"SQIA3";"Small Cap";"Novo Mercado";"100% para ações ON";"Tecnologia da Informação";"Programas e Serviços";"Programas e Serviços";"SQIA3.SA"
352;NA;"SANTOS BRP";"STBP3";"Mid Cap";"Novo Mercado";"100% para ações ON";"Bens Industriais";"Transporte";"Serviços de Apoio e Armazenagem";"STBP3.SA"
353;NA;"STATKRAFT";"STKF3";"-";"Bovespa Mais";"100% para ações ON";"Utilidade Pública";"Energia Elétrica";"Energia Elétrica";"STKF3.SA"
354;NA;"STARA";"STTR3";"-";"Bovespa Mais";"100% para ações ON";"Bens Industriais";"Máquinas e Equipamentos";"Máq. e Equip. Construção e Agrícolas";"STTR3.SA"
355;NA;"SUL AMERICA";"SULA11";"Mid Cap";"Nível 2 de Governança Corporativa";"100% para ações ON e PN";"Financeiro";"Previdência e Seguros";"Seguradoras";"SULA11.SA"
355;NA;"SUL AMERICA";"SULA3";"Mid Cap";"Nível 2 de Governança Corporativa";"100% para ações ON e PN";"Financeiro";"Previdência e Seguros";"Seguradoras";"SULA3.SA"
355;NA;"SUL AMERICA";"SULA4";"Mid Cap";"Nível 2 de Governança Corporativa";"100% para ações ON e PN";"Financeiro";"Previdência e Seguros";"Seguradoras";"SULA4.SA"
356;NA;"SUZANO S.A.";"SUZB3";"Big Cap";"Novo Mercado";"100% para ações ON";"Materiais Básicos";"Madeira e Papel";"Papel e Celulose";"SUZB3.SA"
357;NA;"TAESA";"TAEE11";"Mid Cap";"Nível 2 de Governança Corporativa";"100% para ações ON e PN";"Utilidade Pública";"Energia Elétrica";"Energia Elétrica";"TAEE11.SA"
357;NA;"TAESA";"TAEE3";"Mid Cap";"Nível 2 de Governança Corporativa";"100% para ações ON e PN";"Utilidade Pública";"Energia Elétrica";"Energia Elétrica";"TAEE3.SA"
357;NA;"TAESA";"TAEE4";"Mid Cap";"Nível 2 de Governança Corporativa";"100% para ações ON e PN";"Utilidade Pública";"Energia Elétrica";"Energia Elétrica";"TAEE4.SA"
358;NA;"TAURUS ARMAS";"TASA3";"Small Cap";"Nível 2 de Governança Corporativa";"100% para ações ON e PN";"Bens Industriais";"Máquinas e Equipamentos";"Armas e Munições";"TASA3.SA"
358;NA;"TAURUS ARMAS";"TASA4";"Small Cap";"Nível 2 de Governança Corporativa";"100% para ações ON e PN";"Bens Industriais";"Máquinas e Equipamentos";"Armas e Munições";"TASA4.SA"
359;NA;"TECNOSOLO";"TCNO3";"Nano Cap";"Balcão Org. Tradicional";"80% para ações ON";"Bens Industriais";"Construção e Engenharia";"Engenharia Consultiva";"TCNO3.SA"
359;NA;"TECNOSOLO";"TCNO4";"Nano Cap";"Balcão Org. Tradicional";"80% para ações ON";"Bens Industriais";"Construção e Engenharia";"Engenharia Consultiva";"TCNO4.SA"
360;NA;"TECNISA";"TCSA3";"Micro Cap";"Novo Mercado";"100% para ações ON";"Consumo Cíclico";"Construção Civil";"Incorporações";"TCSA3.SA"
361;NA;"TECHNOS";"TECN3";"Micro Cap";"Novo Mercado";"100% para ações ON";"Consumo Cíclico";"Tecidos. Vestuário e Calçados";"Acessórios";"TECN3.SA"
362;NA;"TEGRA INCORP";"TEGA3";"-";"Balcão Org. Tradicional";"80% para ações ON";"Consumo Cíclico";"Construção Civil";"Incorporações";"TEGA3.SA"
363;NA;"TEKA";"TEKA3";"Nano Cap";"Balcão Org. Tradicional";"80% para ações ON";"Consumo Cíclico";"Tecidos. Vestuário e Calçados";"Fios e Tecidos";"TEKA3.SA"
363;NA;"TEKA";"TEKA4";"Nano Cap";"Balcão Org. Tradicional";"80% para ações ON";"Consumo Cíclico";"Tecidos. Vestuário e Calçados";"Fios e Tecidos";"TEKA4.SA"
364;NA;"TELEBRAS";"TELB3";"Small Cap";"Balcão Org. Tradicional";"80% para ações ON";"Comunicações";"Telecomunicações";"Telecomunicações";"TELB3.SA"
364;NA;"TELEBRAS";"TELB4";"Small Cap";"Balcão Org. Tradicional";"80% para ações ON";"Comunicações";"Telecomunicações";"Telecomunicações";"TELB4.SA"
365;NA;"TENDA";"TEND3";"Small Cap";"Novo Mercado";"100% para ações ON";"Consumo Cíclico";"Construção Civil";"Incorporações";"TEND3.SA"
366;NA;"TRACK FIELD";"TFCO4";"Micro Cap";"Nível 2 de Governança Corporativa";"100% para ações ON e PN";"Consumo Cíclico";"Tecidos. Vestuário e Calçados";"Vestuário";"TFCO4.SA"
367;NA;"TEGMA";"TGMA3";"Small Cap";"Novo Mercado";"100% para ações ON";"Bens Industriais";"Transporte";"Transporte Rodoviário";"TGMA3.SA"
368;NA;"TIM";"TIMS3";"Big Cap";"Novo Mercado";"100% para ações ON";"Comunicações";"Telecomunicações";"Telecomunicações";"TIMS3.SA"
369;NA;"TEKNO";"TKNO3";"Micro Cap";"Balcão Org. Tradicional";"80% para ações ON";"Materiais Básicos";"Siderurgia e Metalurgia";"Artefatos de Ferro e Aço";"TKNO3.SA"
369;NA;"TEKNO";"TKNO4";"Micro Cap";"Balcão Org. Tradicional";"80% para ações ON";"Materiais Básicos";"Siderurgia e Metalurgia";"Artefatos de Ferro e Aço";"TKNO4.SA"
370;NA;"TOTVS";"TOTS3";"Mid Cap";"Novo Mercado";"100% para ações ON";"Tecnologia da Informação";"Programas e Serviços";"Programas e Serviços";"TOTS3.SA"
371;NA;"TECTOY";"TOYB3";"Nano Cap";"Balcão Org. Tradicional";"80% para ações ON";"Consumo Cíclico";"Viagens e Lazer";"Brinquedos e Jogos";"TOYB3.SA"
371;NA;"TECTOY";"TOYB4";"Nano Cap";"Balcão Org. Tradicional";"80% para ações ON";"Consumo Cíclico";"Viagens e Lazer";"Brinquedos e Jogos";"TOYB4.SA"
372;NA;"TRIUNFO PART";"TPIS3";"Micro Cap";"Novo Mercado";"100% para ações ON";"Bens Industriais";"Transporte";"Exploração de Rodovias";"TPIS3.SA"
373;NA;"TC";"TRAD3";"Small Cap";"Novo Mercado";"100% para ações ON";"Tecnologia da Informação";"Programas e Serviços";"Programas e Serviços";"TRAD3.SA"
374;NA;"TRISUL";"TRIS3";"Small Cap";"Novo Mercado";"100% para ações ON";"Consumo Cíclico";"Construção Civil";"Incorporações";"TRIS3.SA"
375;NA;"TRAN PAULIST";"TRPL3";"Mid Cap";"Nível 1 de Governança Corporativa";"80% para ações ON";"Utilidade Pública";"Energia Elétrica";"Energia Elétrica";"TRPL3.SA"
375;NA;"TRAN PAULIST";"TRPL4";"Mid Cap";"Nível 1 de Governança Corporativa";"80% para ações ON";"Utilidade Pública";"Energia Elétrica";"Energia Elétrica";"TRPL4.SA"
376;NA;"TARPON INV";"TRPN3";"Nano Cap";"Novo Mercado";"100% para ações ON";"Financeiro e Outros";"Serviços Financeiros Diversos";"Gestão de Recursos e Investimentos";"TRPN3.SA"
377;NA;"3TENTOS";"TTEN3";"Small Cap";"Novo Mercado";"100% para ações ON";"Consumo não Cíclico";"Agropecuária";"Agricultura";"TTEN3.SA"
378;NA;"TUPY";"TUPY3";"Small Cap";"Novo Mercado";"100% para ações ON";"Bens Industriais";"Material de Transporte";"Material Rodoviário";"TUPY3.SA"
379;NA;"UNICASA";"UCAS3";"Micro Cap";"Novo Mercado";"100% para ações ON";"Consumo Cíclico";"Utilidades Domésticas";"Móveis";"UCAS3.SA"
380;NA;"ULTRAPAR";"UGPA3";"Mid Cap";"Novo Mercado";"100% para ações ON";"Petróleo. Gás e Biocombustíveis";"Petróleo. Gás e Biocombustíveis";"Exploração. Refino e Distribuição";"UGPA3.SA"
381;NA;"UNIPAR";"UNIP3";"Mid Cap";"Balcão Org. Tradicional";"80% para ações ON";"Materiais Básicos";"Químicos";"Químicos Diversos";"UNIP3.SA"
381;NA;"UNIPAR";"UNIP5";"Mid Cap";"Balcão Org. Tradicional";"80% para ações ON";"Materiais Básicos";"Químicos";"Químicos Diversos";"UNIP5.SA"
381;NA;"UNIPAR";"UNIP6";"Mid Cap";"Balcão Org. Tradicional";"80% para ações ON";"Materiais Básicos";"Químicos";"Químicos Diversos";"UNIP6.SA"
382;NA;"USIMINAS";"USIM3";"Mid Cap";"Nível 1 de Governança Corporativa";"80% para ações ON";"Materiais Básicos";"Siderurgia e Metalurgia";"Siderurgia";"USIM3.SA"
382;NA;"USIMINAS";"USIM5";"Mid Cap";"Nível 1 de Governança Corporativa";"80% para ações ON";"Materiais Básicos";"Siderurgia e Metalurgia";"Siderurgia";"USIM5.SA"
382;NA;"USIMINAS";"USIM6";"Mid Cap";"Nível 1 de Governança Corporativa";"80% para ações ON";"Materiais Básicos";"Siderurgia e Metalurgia";"Siderurgia";"USIM6.SA"
383;NA;"VALE";"VALE3";"Mega Cap";"Novo Mercado";"100% para ações ON";"Materiais Básicos";"Mineração";"Minerais Metálicos";"VALE3.SA"
384;NA;"VAMOS";"VAMO3";"Mid Cap";"Novo Mercado";"100% para ações ON";"Consumo Cíclico";"Diversos";"Aluguel de Carros";"VAMO3.SA"
385;NA;"VIBRA";"VBBR3";"Big Cap";"Novo Mercado";"100% para ações ON";"Petróleo. Gás e Biocombustíveis";"Petróleo. Gás e Biocombustíveis";"Exploração. Refino e Distribuição";"VBBR3.SA"
386;NA;"VIA";"VIIA3";"Mid Cap";"Novo Mercado";"100% para ações ON";"Consumo Cíclico";"Comércio";"Eletrodomésticos";"VIIA3.SA"
387;NA;"VIVARA S.A.";"VIVA3";"Mid Cap";"Novo Mercado";"100% para ações ON";"Consumo Cíclico";"Tecidos. Vestuário e Calçados";"Acessórios";"VIVA3.SA"
388;NA;"VIVER";"VIVR3";"Micro Cap";"Novo Mercado";"100% para ações ON";"Consumo Cíclico";"Construção Civil";"Incorporações";"VIVR3.SA"
389;NA;"TELEF BRASIL";"VIVT3";"Big Cap";"Balcão Org. Tradicional";"80% para ações ON";"Comunicações";"Telecomunicações";"Telecomunicações";"VIVT3.SA"
390;NA;"VALID";"VLID3";"Micro Cap";"Novo Mercado";"100% para ações ON";"Bens Industriais";"Serviços";"Serviços Diversos";"VLID3.SA"
391;NA;"FER C ATLANT";"VSPT3";"Micro Cap";"Balcão Org. Tradicional";"80% para ações ON";"Bens Industriais";"Transporte";"Transporte Ferroviário";"VSPT3.SA"
391;NA;"FER C ATLANT";"VSPT4";"Micro Cap";"Balcão Org. Tradicional";"80% para ações ON";"Bens Industriais";"Transporte";"Transporte Ferroviário";"VSPT4.SA"
392;NA;"VULCABRAS";"VULC3";"Small Cap";"Novo Mercado";"100% para ações ON";"Consumo Cíclico";"Tecidos. Vestuário e Calçados";"Calçados";"VULC3.SA"
393;NA;"WEG";"WEGE3";"Mega Cap";"Novo Mercado";"100% para ações ON";"Bens Industriais";"Máquinas e Equipamentos";"Motores . Compressores e Outros";"WEGE3.SA"
394;NA;"WESTWING";"WEST3";"Micro Cap";"Novo Mercado";"100% para ações ON";"Tecnologia da Informação";"Programas e Serviços";"Programas e Serviços";"WEST3.SA"
395;NA;"WHIRLPOOL";"WHRL3";"Mid Cap";"Balcão Org. Tradicional";"80% para ações ON";"Consumo Cíclico";"Utilidades Domésticas";"Eletrodomésticos";"WHRL3.SA"
395;NA;"WHIRLPOOL";"WHRL4";"Mid Cap";"Balcão Org. Tradicional";"80% para ações ON";"Consumo Cíclico";"Utilidades Domésticas";"Eletrodomésticos";"WHRL4.SA"
396;NA;"WIZ S.A.";"WIZS3";"Small Cap";"Novo Mercado";"100% para ações ON";"Financeiro";"Previdência e Seguros";"Corretoras de Seguros";"WIZS3.SA"
397;NA;"WLM IND COM";"WLMM3";"Small Cap";"Balcão Org. Tradicional";"80% para ações ON";"Bens Industriais";"Comércio";"Material de Transporte";"WLMM3.SA"
397;NA;"WLM IND COM";"WLMM4";"Small Cap";"Balcão Org. Tradicional";"80% para ações ON";"Bens Industriais";"Comércio";"Material de Transporte";"WLMM4.SA"
398;NA;"WILSON LTD";"WSON33";"-";"BDR Nível 3";"None";"Bens Industriais";"Transporte";"Serviços de Apoio e Armazenagem";"WSON33.SA"
399;NA;"YDUQS PART";"YDUQ3";"Mid Cap";"Novo Mercado";"100% para ações ON";"Consumo Cíclico";"Diversos";"Serviços Educacionais";"YDUQ3.SA"
